-- phpMyAdmin SQL Dump
-- version 4.1.8
-- http://www.phpmyadmin.net
--
-- Servidor: localhost
-- Tiempo de generación: 01-07-2014 a las 15:28:42
-- Versión del servidor: 5.5.34-cll-lve
-- Versión de PHP: 5.4.23

SET SQL_MODE = "NO_AUTO_VALUE_ON_ZERO";
SET time_zone = "+00:00";


/*!40101 SET @OLD_CHARACTER_SET_CLIENT=@@CHARACTER_SET_CLIENT */;
/*!40101 SET @OLD_CHARACTER_SET_RESULTS=@@CHARACTER_SET_RESULTS */;
/*!40101 SET @OLD_COLLATION_CONNECTION=@@COLLATION_CONNECTION */;
/*!40101 SET NAMES utf8 */;

--
-- Base de datos: `appstero_mundial`
--

-- --------------------------------------------------------

--
-- Estructura de tabla para la tabla `partido`
--

CREATE TABLE IF NOT EXISTS `partido` (
  `idPartido` int(11) NOT NULL AUTO_INCREMENT,
  `localPartido` varchar(25) COLLATE latin1_spanish_ci NOT NULL,
  `visitantePartido` varchar(25) COLLATE latin1_spanish_ci NOT NULL,
  `fechaPartido` timestamp NOT NULL DEFAULT CURRENT_TIMESTAMP,
  `marcadorPartido` varchar(20) COLLATE latin1_spanish_ci NOT NULL,
  `resultadoPartido` tinyint(4) NOT NULL DEFAULT '0',
  `fasePartido` int(11) NOT NULL,
  PRIMARY KEY (`idPartido`)
) ENGINE=InnoDB  DEFAULT CHARSET=latin1 COLLATE=latin1_spanish_ci AUTO_INCREMENT=65 ;

--
-- Volcado de datos para la tabla `partido`
--

INSERT INTO `partido` (`idPartido`, `localPartido`, `visitantePartido`, `fechaPartido`, `marcadorPartido`, `resultadoPartido`, `fasePartido`) VALUES
(1, 'Brasil', 'Croacia', '2014-06-12 20:00:00', '3-1', 1, 1),
(2, 'Chile', 'Australia', '2014-06-13 21:00:00', '3-1', 1, 1),
(3, 'Mexico', 'Camerun', '2014-06-13 16:00:00', '1-0', 1, 1),
(4, 'Espana', 'Holanda', '2014-06-13 19:00:00', '1-5', 2, 1),
(5, 'Bosnia', 'Iran', '2014-06-25 16:00:00', '3-1', 1, 1),
(6, 'Argelia', 'Rusia', '2014-06-26 20:00:00', '1-1', 3, 1),
(7, 'Colombia', 'Grecia', '2014-06-14 16:00:00', '3-0', 1, 1),
(8, 'Uruguay', 'Costa Rica', '2014-06-14 19:00:00', '1-3', 2, 1),
(9, 'Inglaterra', 'Italia', '2014-06-14 22:00:00', '1-2', 2, 1),
(10, 'Suiza', 'Ecuador', '2014-06-15 16:00:00', '2-1', 1, 1),
(11, 'Francia', 'Honduras', '2014-06-15 19:00:00', '3-0', 1, 1),
(12, 'Argentina', 'Bosnia', '2014-06-15 22:00:00', '2-1', 1, 1),
(13, 'Iran', 'Nigeria', '2014-06-16 19:00:00', '0-0', 3, 1),
(14, 'Alemania', 'Portugal', '2014-06-16 16:00:00', '4-0', 1, 1),
(15, 'Ghana', 'Estados Unidos', '2014-06-16 22:00:00', '1-2', 2, 1),
(16, 'Belgica', 'Argelia', '2014-06-17 16:00:00', '2-1', 1, 1),
(17, 'Rusia', 'Corea del Sur', '2014-06-17 22:00:00', '1-1', 3, 1),
(18, 'Brasil', 'Mexico', '2014-06-17 19:00:00', '0-0', 3, 1),
(19, 'Camerun', 'Croacia', '2014-06-18 22:00:00', '0-4', 2, 1),
(20, 'Australia', 'Holanda', '2014-06-18 16:00:00', '2-3', 2, 1),
(21, 'Espana', 'Chile', '2014-06-18 19:00:00', '0-2', 2, 1),
(22, 'Colombia', 'Costa de Marfil', '2014-06-19 16:00:00', '2-1', 1, 1),
(23, 'Japon', 'Grecia', '2014-06-19 22:00:00', '0-0', 3, 1),
(24, 'Uruguay', 'Inglaterra', '2014-06-19 19:00:00', '2-1', 1, 1),
(25, 'Italia', 'Costa Rica', '2014-06-20 16:00:00', '0-1', 2, 1),
(26, 'Suiza', 'Francia', '2014-06-20 19:00:00', '2-5', 2, 1),
(27, 'Honduras', 'Ecuador', '2014-06-20 22:00:00', '1-2', 2, 1),
(28, 'Argentina', 'Iran', '2014-06-21 16:00:00', '1-0', 1, 1),
(29, 'Nigeria', 'Bosnia', '2014-06-21 22:00:00', '1-0', 1, 1),
(30, 'Alemania', 'Ghana', '2014-06-21 19:00:00', '2-2', 3, 1),
(31, 'Estados Unidos', 'Portugal', '2014-06-22 22:00:00', '2-2', 3, 1),
(32, 'Belgica', 'Rusia', '2014-06-22 16:00:00', '1-0', 1, 1),
(33, 'Corea del Sur', 'Argelia', '2014-06-22 19:00:00', '2-4', 2, 1),
(34, 'Corea del Sur', 'Belgica', '2014-06-26 20:00:00', '0-1', 2, 1),
(35, 'Costa de Marfil', 'Japon', '2014-06-15 01:00:00', '2-1', 1, 1),
(36, 'Portugal', 'Ghana', '2014-06-26 16:00:00', '2-1', 1, 1),
(37, 'Camerun', 'Brasil', '2014-06-23 20:00:00', '1-4', 2, 1),
(38, 'Croacia', 'Mexico', '2014-06-23 20:00:00', '1-3', 2, 1),
(39, 'Australia', 'Espana', '2014-06-23 16:00:00', '0-3', 2, 1),
(40, 'Holanda', 'Chile', '2014-06-23 16:00:00', '2-0', 1, 1),
(41, 'Japon', 'Colombia', '2014-06-24 20:00:00', '1-4', 2, 1),
(42, 'Grecia', 'Costa de Marfil', '2014-06-24 20:00:00', '2-1', 1, 1),
(43, 'Italia', 'Uruguay', '2014-06-24 16:00:00', '0-1', 2, 1),
(44, 'Costa Rica', 'Inglaterra', '2014-06-24 16:00:00', '0-0', 3, 1),
(45, 'Honduras', 'Suiza', '2014-06-25 20:00:00', '0-3', 2, 1),
(46, 'Ecuador', 'Francia', '2014-06-25 20:00:00', '0-0', 3, 1),
(47, 'Nigeria', 'Argentina', '2014-06-25 16:00:00', '2-3', 2, 1),
(48, 'Estados Unidos', 'Alemania', '2014-06-26 16:00:00', '0-1', 2, 1),
(49, 'Brasil', 'Chile', '2014-06-28 16:00:00', '1-1 (3-2 Penales)', 1, 2),
(50, 'Colombia', 'Uruguay', '2014-06-28 20:00:00', '2-0', 1, 2),
(51, 'Holanda', 'Mexico', '2014-06-29 16:00:00', '2-1', 1, 2),
(52, 'Costa Rica', 'Grecia', '2014-06-29 20:00:00', '1-1 (5-3 Penales)', 1, 2),
(53, 'Francia', 'Nigeria', '2014-06-30 16:00:00', '2-0', 1, 2),
(54, 'Alemania', 'Argelia', '2014-06-30 20:00:00', '2-1', 1, 2),
(55, 'Argentina', 'Suiza', '2014-07-01 16:00:00', '1-0', 0, 2),
(56, 'Belgica', 'Estados Unidos', '2014-07-01 20:00:00', '', 0, 2),
(57, 'Holanda', 'Costa Rica', '2014-07-05 20:00:00', '', 0, 2),
(58, 'Brasil', 'Colombia', '2014-07-04 16:00:00', '', 0, 2),
(59, 'Francia', 'Alemania', '2014-07-04 20:00:00', '', 0, 2),
(60, 'Argentina', 'G56', '2014-07-05 16:00:00', '', 0, 2),
(61, 'G57', 'G58', '2014-07-08 22:00:00', '', 0, 2),
(62, 'G59', 'G60', '2014-07-09 22:00:00', '', 0, 2),
(63, 'P61', 'P62', '2014-07-12 22:00:00', '', 0, 2),
(64, 'G61', 'G62', '2014-07-13 21:00:00', '', 0, 2);

-- --------------------------------------------------------

--
-- Estructura de tabla para la tabla `quiniela`
--

CREATE TABLE IF NOT EXISTS `quiniela` (
  `idQuiniela` int(11) NOT NULL AUTO_INCREMENT,
  `resultadoQuiniela` tinyint(4) NOT NULL DEFAULT '0',
  `idUsuario` int(11) NOT NULL,
  `idPartido` int(11) NOT NULL,
  PRIMARY KEY (`idQuiniela`)
) ENGINE=InnoDB  DEFAULT CHARSET=latin1 COLLATE=latin1_spanish_ci AUTO_INCREMENT=2433 ;

--
-- Volcado de datos para la tabla `quiniela`
--

INSERT INTO `quiniela` (`idQuiniela`, `resultadoQuiniela`, `idUsuario`, `idPartido`) VALUES
(193, 1, 1, 1),
(194, 1, 1, 2),
(195, 3, 1, 3),
(196, 1, 1, 4),
(197, 1, 1, 5),
(198, 2, 1, 6),
(199, 1, 1, 7),
(200, 1, 1, 8),
(201, 2, 1, 9),
(202, 1, 1, 10),
(203, 1, 1, 11),
(204, 1, 1, 12),
(205, 2, 1, 13),
(206, 1, 1, 14),
(207, 2, 1, 15),
(208, 1, 1, 16),
(209, 1, 1, 17),
(210, 1, 1, 18),
(211, 2, 1, 19),
(212, 2, 1, 20),
(213, 1, 1, 21),
(214, 1, 1, 22),
(215, 1, 1, 23),
(216, 2, 1, 24),
(217, 1, 1, 25),
(218, 2, 1, 26),
(219, 2, 1, 27),
(220, 1, 1, 28),
(221, 2, 1, 29),
(222, 1, 1, 30),
(223, 2, 1, 31),
(224, 1, 1, 32),
(225, 1, 1, 33),
(226, 2, 1, 34),
(227, 1, 1, 35),
(228, 2, 1, 36),
(229, 2, 1, 37),
(230, 2, 1, 38),
(231, 2, 1, 39),
(232, 1, 1, 40),
(233, 1, 1, 41),
(234, 2, 1, 42),
(235, 1, 1, 43),
(236, 2, 1, 44),
(237, 2, 1, 45),
(238, 2, 1, 46),
(239, 1, 1, 47),
(240, 2, 1, 48),
(241, 1, 1, 49),
(242, 1, 1, 50),
(243, 2, 1, 51),
(244, 1, 1, 52),
(245, 1, 1, 53),
(246, 1, 1, 54),
(247, 1, 1, 55),
(248, 1, 1, 56),
(249, 1, 1, 57),
(250, 2, 1, 58),
(251, 1, 1, 59),
(252, 0, 1, 60),
(253, 0, 1, 61),
(254, 0, 1, 62),
(255, 0, 1, 63),
(256, 0, 1, 64),
(257, 1, 2, 1),
(258, 2, 2, 2),
(259, 1, 2, 3),
(260, 1, 2, 4),
(261, 1, 2, 5),
(262, 2, 2, 6),
(263, 2, 2, 7),
(264, 1, 2, 8),
(265, 1, 2, 9),
(266, 1, 2, 10),
(267, 1, 2, 11),
(268, 1, 2, 12),
(269, 2, 2, 13),
(270, 1, 2, 14),
(271, 2, 2, 15),
(272, 1, 2, 16),
(273, 1, 2, 17),
(274, 1, 2, 18),
(275, 2, 2, 19),
(276, 2, 2, 20),
(277, 2, 2, 21),
(278, 1, 2, 22),
(279, 2, 2, 23),
(280, 2, 2, 24),
(281, 1, 2, 25),
(282, 2, 2, 26),
(283, 3, 2, 27),
(284, 1, 2, 28),
(285, 2, 2, 29),
(286, 1, 2, 30),
(287, 1, 2, 31),
(288, 2, 2, 32),
(289, 2, 2, 33),
(290, 2, 2, 34),
(291, 2, 2, 35),
(292, 1, 2, 36),
(293, 2, 2, 37),
(294, 2, 2, 38),
(295, 1, 2, 39),
(296, 1, 2, 40),
(297, 2, 2, 41),
(298, 2, 2, 42),
(299, 2, 2, 43),
(300, 1, 2, 44),
(301, 2, 2, 45),
(302, 2, 2, 46),
(303, 2, 2, 47),
(304, 2, 2, 48),
(305, 1, 2, 49),
(306, 1, 2, 50),
(307, 2, 2, 51),
(308, 0, 2, 52),
(309, 0, 2, 53),
(310, 0, 2, 54),
(311, 1, 2, 55),
(312, 1, 2, 56),
(313, 1, 2, 57),
(314, 1, 2, 58),
(315, 0, 2, 59),
(316, 0, 2, 60),
(317, 0, 2, 61),
(318, 0, 2, 62),
(319, 0, 2, 63),
(320, 0, 2, 64),
(513, 1, 3, 1),
(514, 1, 3, 2),
(515, 1, 3, 3),
(516, 1, 3, 4),
(517, 1, 3, 5),
(518, 1, 3, 6),
(519, 1, 3, 7),
(520, 1, 3, 8),
(521, 2, 3, 9),
(522, 1, 3, 10),
(523, 1, 3, 11),
(524, 1, 3, 12),
(525, 2, 3, 13),
(526, 1, 3, 14),
(527, 2, 3, 15),
(528, 1, 3, 16),
(529, 2, 3, 17),
(530, 3, 3, 18),
(531, 2, 3, 19),
(532, 2, 3, 20),
(533, 1, 3, 21),
(534, 1, 3, 22),
(535, 1, 3, 23),
(536, 2, 3, 24),
(537, 1, 3, 25),
(538, 2, 3, 26),
(539, 2, 3, 27),
(540, 1, 3, 28),
(541, 2, 3, 29),
(542, 1, 3, 30),
(543, 2, 3, 31),
(544, 1, 3, 32),
(545, 1, 3, 33),
(546, 2, 3, 34),
(547, 3, 3, 35),
(548, 1, 3, 36),
(549, 2, 3, 37),
(550, 3, 3, 38),
(551, 3, 3, 39),
(552, 3, 3, 40),
(553, 2, 3, 41),
(554, 2, 3, 42),
(555, 1, 3, 43),
(556, 2, 3, 44),
(557, 2, 3, 45),
(558, 2, 3, 46),
(559, 2, 3, 47),
(560, 2, 3, 48),
(561, 1, 3, 49),
(562, 1, 3, 50),
(563, 2, 3, 51),
(564, 1, 3, 52),
(565, 1, 3, 53),
(566, 1, 3, 54),
(567, 1, 3, 55),
(568, 1, 3, 56),
(569, 0, 3, 57),
(570, 0, 3, 58),
(571, 0, 3, 59),
(572, 0, 3, 60),
(573, 0, 3, 61),
(574, 0, 3, 62),
(575, 0, 3, 63),
(576, 0, 3, 64),
(577, 1, 4, 1),
(578, 1, 4, 2),
(579, 1, 4, 3),
(580, 3, 4, 4),
(581, 2, 4, 5),
(582, 1, 4, 6),
(583, 1, 4, 7),
(584, 1, 4, 8),
(585, 2, 4, 9),
(586, 1, 4, 10),
(587, 1, 4, 11),
(588, 1, 4, 12),
(589, 2, 4, 13),
(590, 3, 4, 14),
(591, 2, 4, 15),
(592, 1, 4, 16),
(593, 3, 4, 17),
(594, 2, 4, 18),
(595, 2, 4, 19),
(596, 2, 4, 20),
(597, 1, 4, 21),
(598, 1, 4, 22),
(599, 1, 4, 23),
(600, 2, 4, 24),
(601, 1, 4, 25),
(602, 2, 4, 26),
(603, 2, 4, 27),
(604, 1, 4, 28),
(605, 3, 4, 29),
(606, 1, 4, 30),
(607, 1, 4, 31),
(608, 1, 4, 32),
(609, 1, 4, 33),
(610, 2, 4, 34),
(611, 1, 4, 35),
(612, 1, 4, 36),
(613, 2, 4, 37),
(614, 2, 4, 38),
(615, 1, 4, 39),
(616, 2, 4, 40),
(617, 2, 4, 41),
(618, 2, 4, 42),
(619, 1, 4, 43),
(620, 2, 4, 44),
(621, 2, 4, 45),
(622, 2, 4, 46),
(623, 2, 4, 47),
(624, 2, 4, 48),
(625, 1, 4, 49),
(626, 2, 4, 50),
(627, 2, 4, 51),
(628, 1, 4, 52),
(629, 1, 4, 53),
(630, 1, 4, 54),
(631, 1, 4, 55),
(632, 2, 4, 56),
(633, 1, 4, 57),
(634, 1, 4, 58),
(635, 0, 4, 59),
(636, 0, 4, 60),
(637, 0, 4, 61),
(638, 0, 4, 62),
(639, 0, 4, 63),
(640, 0, 4, 64),
(641, 1, 5, 1),
(642, 1, 5, 2),
(643, 1, 5, 3),
(644, 2, 5, 4),
(645, 2, 5, 5),
(646, 1, 5, 6),
(647, 1, 5, 7),
(648, 1, 5, 8),
(649, 2, 5, 9),
(650, 2, 5, 10),
(651, 1, 5, 11),
(652, 1, 5, 12),
(653, 2, 5, 13),
(654, 1, 5, 14),
(655, 1, 5, 15),
(656, 1, 5, 16),
(657, 1, 5, 17),
(658, 1, 5, 18),
(659, 2, 5, 19),
(660, 2, 5, 20),
(661, 2, 5, 21),
(662, 1, 5, 22),
(663, 2, 5, 23),
(664, 2, 5, 24),
(665, 1, 5, 25),
(666, 2, 5, 26),
(667, 2, 5, 27),
(668, 1, 5, 28),
(669, 2, 5, 29),
(670, 1, 5, 30),
(671, 1, 5, 31),
(672, 1, 5, 32),
(673, 2, 5, 33),
(674, 2, 5, 34),
(675, 1, 5, 35),
(676, 2, 5, 36),
(677, 2, 5, 37),
(678, 3, 5, 38),
(679, 1, 5, 39),
(680, 2, 5, 40),
(681, 2, 5, 41),
(682, 2, 5, 42),
(683, 2, 5, 43),
(684, 1, 5, 44),
(685, 2, 5, 45),
(686, 2, 5, 46),
(687, 1, 5, 47),
(688, 2, 5, 48),
(689, 1, 5, 49),
(690, 1, 5, 50),
(691, 1, 5, 51),
(692, 1, 5, 52),
(693, 1, 5, 53),
(694, 1, 5, 54),
(695, 1, 5, 55),
(696, 1, 5, 56),
(697, 1, 5, 57),
(698, 1, 5, 58),
(699, 0, 5, 59),
(700, 0, 5, 60),
(701, 0, 5, 61),
(702, 0, 5, 62),
(703, 0, 5, 63),
(704, 0, 5, 64),
(705, 1, 6, 1),
(706, 1, 6, 2),
(707, 1, 6, 3),
(708, 1, 6, 4),
(709, 1, 6, 5),
(710, 2, 6, 6),
(711, 2, 6, 7),
(712, 1, 6, 8),
(713, 0, 6, 9),
(714, 0, 6, 10),
(715, 0, 6, 11),
(716, 0, 6, 12),
(717, 0, 6, 13),
(718, 0, 6, 14),
(719, 0, 6, 15),
(720, 0, 6, 16),
(721, 0, 6, 17),
(722, 0, 6, 18),
(723, 0, 6, 19),
(724, 0, 6, 20),
(725, 0, 6, 21),
(726, 1, 6, 22),
(727, 3, 6, 23),
(728, 2, 6, 24),
(729, 1, 6, 25),
(730, 2, 6, 26),
(731, 2, 6, 27),
(732, 1, 6, 28),
(733, 0, 6, 29),
(734, 1, 6, 30),
(735, 2, 6, 31),
(736, 3, 6, 32),
(737, 1, 6, 33),
(738, 3, 6, 34),
(739, 0, 6, 35),
(740, 1, 6, 36),
(741, 2, 6, 37),
(742, 2, 6, 38),
(743, 2, 6, 39),
(744, 1, 6, 40),
(745, 2, 6, 41),
(746, 3, 6, 42),
(747, 1, 6, 43),
(748, 2, 6, 44),
(749, 2, 6, 45),
(750, 2, 6, 46),
(751, 2, 6, 47),
(752, 2, 6, 48),
(753, 1, 6, 49),
(754, 1, 6, 50),
(755, 1, 6, 51),
(756, 1, 6, 52),
(757, 1, 6, 53),
(758, 1, 6, 54),
(759, 1, 6, 55),
(760, 1, 6, 56),
(761, 2, 6, 57),
(762, 1, 6, 58),
(763, 1, 6, 59),
(764, 3, 6, 60),
(765, 2, 6, 61),
(766, 2, 6, 62),
(767, 1, 6, 63),
(768, 2, 6, 64),
(769, 1, 7, 1),
(770, 2, 7, 2),
(771, 3, 7, 3),
(772, 1, 7, 4),
(773, 2, 7, 5),
(774, 2, 7, 6),
(775, 2, 7, 7),
(776, 1, 7, 8),
(777, 2, 7, 9),
(778, 1, 7, 10),
(779, 1, 7, 11),
(780, 1, 7, 12),
(781, 0, 7, 13),
(782, 2, 7, 14),
(783, 0, 7, 15),
(784, 1, 7, 16),
(785, 1, 7, 17),
(786, 1, 7, 18),
(787, 2, 7, 19),
(788, 2, 7, 20),
(789, 1, 7, 21),
(790, 1, 7, 22),
(791, 1, 7, 23),
(792, 2, 7, 24),
(793, 1, 7, 25),
(794, 1, 7, 26),
(795, 2, 7, 27),
(796, 1, 7, 28),
(797, 1, 7, 29),
(798, 1, 7, 30),
(799, 1, 7, 31),
(800, 1, 7, 32),
(801, 1, 7, 33),
(802, 2, 7, 34),
(803, 1, 7, 35),
(804, 1, 7, 36),
(805, 2, 7, 37),
(806, 2, 7, 38),
(807, 1, 7, 39),
(808, 1, 7, 40),
(809, 2, 7, 41),
(810, 2, 7, 42),
(811, 1, 7, 43),
(812, 1, 7, 44),
(813, 2, 7, 45),
(814, 3, 7, 46),
(815, 2, 7, 47),
(816, 3, 7, 48),
(817, 0, 7, 49),
(818, 0, 7, 50),
(819, 0, 7, 51),
(820, 0, 7, 52),
(821, 0, 7, 53),
(822, 0, 7, 54),
(823, 0, 7, 55),
(824, 0, 7, 56),
(825, 0, 7, 57),
(826, 0, 7, 58),
(827, 0, 7, 59),
(828, 0, 7, 60),
(829, 0, 7, 61),
(830, 0, 7, 62),
(831, 0, 7, 63),
(832, 0, 7, 64),
(833, 1, 8, 1),
(834, 1, 8, 2),
(835, 1, 8, 3),
(836, 1, 8, 4),
(837, 1, 8, 5),
(838, 1, 8, 6),
(839, 1, 8, 7),
(840, 1, 8, 8),
(841, 3, 8, 9),
(842, 2, 8, 10),
(843, 1, 8, 11),
(844, 1, 8, 12),
(845, 2, 8, 13),
(846, 1, 8, 14),
(847, 2, 8, 15),
(848, 1, 8, 16),
(849, 2, 8, 17),
(850, 1, 8, 18),
(851, 2, 8, 19),
(852, 2, 8, 20),
(853, 1, 8, 21),
(854, 1, 8, 22),
(855, 1, 8, 23),
(856, 2, 8, 24),
(857, 1, 8, 25),
(858, 2, 8, 26),
(859, 2, 8, 27),
(860, 1, 8, 28),
(861, 2, 8, 29),
(862, 1, 8, 30),
(863, 3, 8, 31),
(864, 1, 8, 32),
(865, 1, 8, 33),
(866, 2, 8, 34),
(867, 2, 8, 35),
(868, 1, 8, 36),
(869, 2, 8, 37),
(870, 2, 8, 38),
(871, 2, 8, 39),
(872, 1, 8, 40),
(873, 2, 8, 41),
(874, 2, 8, 42),
(875, 1, 8, 43),
(876, 2, 8, 44),
(877, 2, 8, 45),
(878, 2, 8, 46),
(879, 2, 8, 47),
(880, 2, 8, 48),
(881, 1, 8, 49),
(882, 1, 8, 50),
(883, 2, 8, 51),
(884, 1, 8, 52),
(885, 1, 8, 53),
(886, 1, 8, 54),
(887, 1, 8, 55),
(888, 1, 8, 56),
(889, 1, 8, 57),
(890, 2, 8, 58),
(891, 2, 8, 59),
(892, 2, 8, 60),
(893, 1, 8, 61),
(894, 2, 8, 62),
(895, 2, 8, 63),
(896, 1, 8, 64),
(897, 1, 9, 1),
(898, 1, 9, 2),
(899, 1, 9, 3),
(900, 1, 9, 4),
(901, 2, 9, 5),
(902, 1, 9, 6),
(903, 0, 9, 7),
(904, 0, 9, 8),
(905, 0, 9, 9),
(906, 1, 9, 10),
(907, 1, 9, 11),
(908, 1, 9, 12),
(909, 2, 9, 13),
(910, 1, 9, 14),
(911, 2, 9, 15),
(912, 1, 9, 16),
(913, 1, 9, 17),
(914, 1, 9, 18),
(915, 2, 9, 19),
(916, 2, 9, 20),
(917, 1, 9, 21),
(918, 1, 9, 22),
(919, 2, 9, 23),
(920, 2, 9, 24),
(921, 1, 9, 25),
(922, 2, 9, 26),
(923, 2, 9, 27),
(924, 1, 9, 28),
(925, 2, 9, 29),
(926, 1, 9, 30),
(927, 2, 9, 31),
(928, 1, 9, 32),
(929, 1, 9, 33),
(930, 2, 9, 34),
(931, 0, 9, 35),
(932, 1, 9, 36),
(933, 2, 9, 37),
(934, 2, 9, 38),
(935, 1, 9, 39),
(936, 2, 9, 40),
(937, 2, 9, 41),
(938, 2, 9, 42),
(939, 2, 9, 43),
(940, 2, 9, 44),
(941, 2, 9, 45),
(942, 2, 9, 46),
(943, 1, 9, 47),
(944, 2, 9, 48),
(945, 2, 9, 49),
(946, 1, 9, 50),
(947, 2, 9, 51),
(948, 1, 9, 52),
(949, 1, 9, 53),
(950, 1, 9, 54),
(951, 1, 9, 55),
(952, 1, 9, 56),
(953, 1, 9, 57),
(954, 1, 9, 58),
(955, 0, 9, 59),
(956, 0, 9, 60),
(957, 0, 9, 61),
(958, 0, 9, 62),
(959, 0, 9, 63),
(960, 0, 9, 64),
(961, 1, 10, 1),
(962, 1, 10, 2),
(963, 1, 10, 3),
(964, 1, 10, 4),
(965, 1, 10, 5),
(966, 2, 10, 6),
(967, 1, 10, 7),
(968, 1, 10, 8),
(969, 2, 10, 9),
(970, 1, 10, 10),
(971, 1, 10, 11),
(972, 1, 10, 12),
(973, 2, 10, 13),
(974, 1, 10, 14),
(975, 2, 10, 15),
(976, 1, 10, 16),
(977, 1, 10, 17),
(978, 1, 10, 18),
(979, 2, 10, 19),
(980, 2, 10, 20),
(981, 2, 10, 21),
(982, 2, 10, 22),
(983, 2, 10, 23),
(984, 2, 10, 24),
(985, 1, 10, 25),
(986, 2, 10, 26),
(987, 2, 10, 27),
(988, 1, 10, 28),
(989, 1, 10, 29),
(990, 1, 10, 30),
(991, 2, 10, 31),
(992, 1, 10, 32),
(993, 3, 10, 33),
(994, 2, 10, 34),
(995, 3, 10, 35),
(996, 1, 10, 36),
(997, 2, 10, 37),
(998, 1, 10, 38),
(999, 2, 10, 39),
(1000, 1, 10, 40),
(1001, 2, 10, 41),
(1002, 2, 10, 42),
(1003, 1, 10, 43),
(1004, 2, 10, 44),
(1005, 2, 10, 45),
(1006, 2, 10, 46),
(1007, 2, 10, 47),
(1008, 2, 10, 48),
(1009, 1, 10, 49),
(1010, 1, 10, 50),
(1011, 2, 10, 51),
(1012, 1, 10, 52),
(1013, 1, 10, 53),
(1014, 1, 10, 54),
(1015, 1, 10, 55),
(1016, 1, 10, 56),
(1017, 1, 10, 57),
(1018, 1, 10, 58),
(1019, 2, 10, 59),
(1020, 0, 10, 60),
(1021, 0, 10, 61),
(1022, 0, 10, 62),
(1023, 0, 10, 63),
(1024, 0, 10, 64),
(1025, 1, 11, 1),
(1026, 1, 11, 2),
(1027, 3, 11, 3),
(1028, 1, 11, 4),
(1029, 2, 11, 5),
(1030, 1, 11, 6),
(1031, 1, 11, 7),
(1032, 2, 11, 8),
(1033, 3, 11, 9),
(1034, 1, 11, 10),
(1035, 1, 11, 11),
(1036, 1, 11, 12),
(1037, 2, 11, 13),
(1038, 1, 11, 14),
(1039, 3, 11, 15),
(1040, 1, 11, 16),
(1041, 1, 11, 17),
(1042, 3, 11, 18),
(1043, 2, 11, 19),
(1044, 2, 11, 20),
(1045, 2, 11, 21),
(1046, 1, 11, 22),
(1047, 1, 11, 23),
(1048, 2, 11, 24),
(1049, 1, 11, 25),
(1050, 2, 11, 26),
(1051, 2, 11, 27),
(1052, 1, 11, 28),
(1053, 2, 11, 29),
(1054, 1, 11, 30),
(1055, 1, 11, 31),
(1056, 3, 11, 32),
(1057, 1, 11, 33),
(1058, 2, 11, 34),
(1059, 1, 11, 35),
(1060, 2, 11, 36),
(1061, 2, 11, 37),
(1062, 2, 11, 38),
(1063, 2, 11, 39),
(1064, 2, 11, 40),
(1065, 2, 11, 41),
(1066, 2, 11, 42),
(1067, 2, 11, 43),
(1068, 3, 11, 44),
(1069, 2, 11, 45),
(1070, 2, 11, 46),
(1071, 2, 11, 47),
(1072, 3, 11, 48),
(1073, 2, 11, 49),
(1074, 1, 11, 50),
(1075, 2, 11, 51),
(1076, 1, 11, 52),
(1077, 1, 11, 53),
(1078, 1, 11, 54),
(1079, 1, 11, 55),
(1080, 2, 11, 56),
(1081, 0, 11, 57),
(1082, 0, 11, 58),
(1083, 0, 11, 59),
(1084, 0, 11, 60),
(1085, 0, 11, 61),
(1086, 0, 11, 62),
(1087, 0, 11, 63),
(1088, 0, 11, 64),
(1089, 1, 12, 1),
(1090, 1, 12, 2),
(1091, 3, 12, 3),
(1092, 3, 12, 4),
(1093, 2, 12, 5),
(1094, 1, 12, 6),
(1095, 1, 12, 7),
(1096, 1, 12, 8),
(1097, 3, 12, 9),
(1098, 3, 12, 10),
(1099, 1, 12, 11),
(1100, 1, 12, 12),
(1101, 2, 12, 13),
(1102, 1, 12, 14),
(1103, 2, 12, 15),
(1104, 1, 12, 16),
(1105, 1, 12, 17),
(1106, 3, 12, 18),
(1107, 2, 12, 19),
(1108, 2, 12, 20),
(1109, 1, 12, 21),
(1110, 1, 12, 22),
(1111, 1, 12, 23),
(1112, 1, 12, 24),
(1113, 1, 12, 25),
(1114, 2, 12, 26),
(1115, 2, 12, 27),
(1116, 1, 12, 28),
(1117, 2, 12, 29),
(1118, 1, 12, 30),
(1119, 1, 12, 31),
(1120, 1, 12, 32),
(1121, 1, 12, 33),
(1122, 2, 12, 34),
(1123, 3, 12, 35),
(1124, 1, 12, 36),
(1125, 2, 12, 37),
(1126, 2, 12, 38),
(1127, 2, 12, 39),
(1128, 1, 12, 40),
(1129, 2, 12, 41),
(1130, 2, 12, 42),
(1131, 2, 12, 43),
(1132, 2, 12, 44),
(1133, 2, 12, 45),
(1134, 2, 12, 46),
(1135, 2, 12, 47),
(1136, 2, 12, 48),
(1137, 1, 12, 49),
(1138, 1, 12, 50),
(1139, 2, 12, 51),
(1140, 1, 12, 52),
(1141, 1, 12, 53),
(1142, 1, 12, 54),
(1143, 1, 12, 55),
(1144, 2, 12, 56),
(1145, 1, 12, 57),
(1146, 1, 12, 58),
(1147, 2, 12, 59),
(1148, 0, 12, 60),
(1149, 0, 12, 61),
(1150, 0, 12, 62),
(1151, 0, 12, 63),
(1152, 0, 12, 64),
(1153, 1, 13, 1),
(1154, 1, 13, 2),
(1155, 3, 13, 3),
(1156, 3, 13, 4),
(1157, 1, 13, 5),
(1158, 2, 13, 6),
(1159, 1, 13, 7),
(1160, 1, 13, 8),
(1161, 1, 13, 9),
(1162, 1, 13, 10),
(1163, 1, 13, 11),
(1164, 1, 13, 12),
(1165, 2, 13, 13),
(1166, 1, 13, 14),
(1167, 3, 13, 15),
(1168, 1, 13, 16),
(1169, 1, 13, 17),
(1170, 1, 13, 18),
(1171, 2, 13, 19),
(1172, 2, 13, 20),
(1173, 1, 13, 21),
(1174, 1, 13, 22),
(1175, 3, 13, 23),
(1176, 2, 13, 24),
(1177, 1, 13, 25),
(1178, 2, 13, 26),
(1179, 1, 13, 27),
(1180, 1, 13, 28),
(1181, 2, 13, 29),
(1182, 1, 13, 30),
(1183, 1, 13, 31),
(1184, 1, 13, 32),
(1185, 1, 13, 33),
(1186, 2, 13, 34),
(1187, 2, 13, 35),
(1188, 1, 13, 36),
(1189, 2, 13, 37),
(1190, 2, 13, 38),
(1191, 2, 13, 39),
(1192, 1, 13, 40),
(1193, 2, 13, 41),
(1194, 1, 13, 42),
(1195, 2, 13, 43),
(1196, 1, 13, 44),
(1197, 2, 13, 45),
(1198, 2, 13, 46),
(1199, 2, 13, 47),
(1200, 2, 13, 48),
(1201, 1, 13, 49),
(1202, 1, 13, 50),
(1203, 2, 13, 51),
(1204, 1, 13, 52),
(1205, 1, 13, 53),
(1206, 0, 13, 54),
(1207, 1, 13, 55),
(1208, 0, 13, 56),
(1209, 0, 13, 57),
(1210, 0, 13, 58),
(1211, 0, 13, 59),
(1212, 0, 13, 60),
(1213, 0, 13, 61),
(1214, 0, 13, 62),
(1215, 0, 13, 63),
(1216, 0, 13, 64),
(1217, 0, 14, 1),
(1218, 2, 14, 2),
(1219, 3, 14, 3),
(1220, 2, 14, 4),
(1221, 2, 14, 5),
(1222, 1, 14, 6),
(1223, 2, 14, 7),
(1224, 1, 14, 8),
(1225, 2, 14, 9),
(1226, 3, 14, 10),
(1227, 1, 14, 11),
(1228, 1, 14, 12),
(1229, 3, 14, 13),
(1230, 2, 14, 14),
(1231, 2, 14, 15),
(1232, 2, 14, 16),
(1233, 0, 14, 17),
(1234, 1, 14, 18),
(1235, 2, 14, 19),
(1236, 2, 14, 20),
(1237, 2, 14, 21),
(1238, 3, 14, 22),
(1239, 2, 14, 23),
(1240, 2, 14, 24),
(1241, 1, 14, 25),
(1242, 2, 14, 26),
(1243, 3, 14, 27),
(1244, 1, 14, 28),
(1245, 2, 14, 29),
(1246, 1, 14, 30),
(1247, 2, 14, 31),
(1248, 3, 14, 32),
(1249, 1, 14, 33),
(1250, 2, 14, 34),
(1251, 1, 14, 35),
(1252, 2, 14, 36),
(1253, 2, 14, 37),
(1254, 2, 14, 38),
(1255, 1, 14, 39),
(1256, 1, 14, 40),
(1257, 2, 14, 41),
(1258, 2, 14, 42),
(1259, 2, 14, 43),
(1260, 2, 14, 44),
(1261, 1, 14, 45),
(1262, 2, 14, 46),
(1263, 2, 14, 47),
(1264, 2, 14, 48),
(1265, 1, 14, 49),
(1266, 2, 14, 50),
(1267, 2, 14, 51),
(1268, 1, 14, 52),
(1269, 2, 14, 53),
(1270, 1, 14, 54),
(1271, 1, 14, 55),
(1272, 1, 14, 56),
(1273, 2, 14, 57),
(1274, 1, 14, 58),
(1275, 0, 14, 59),
(1276, 0, 14, 60),
(1277, 0, 14, 61),
(1278, 0, 14, 62),
(1279, 0, 14, 63),
(1280, 0, 14, 64),
(1281, 3, 15, 1),
(1282, 3, 15, 2),
(1283, 1, 15, 3),
(1284, 1, 15, 4),
(1285, 1, 15, 5),
(1286, 2, 15, 6),
(1287, 0, 15, 7),
(1288, 0, 15, 8),
(1289, 0, 15, 9),
(1290, 1, 15, 10),
(1291, 1, 15, 11),
(1292, 1, 15, 12),
(1293, 2, 15, 13),
(1294, 1, 15, 14),
(1295, 2, 15, 15),
(1296, 1, 15, 16),
(1297, 1, 15, 17),
(1298, 2, 15, 18),
(1299, 2, 15, 19),
(1300, 2, 15, 20),
(1301, 1, 15, 21),
(1302, 1, 15, 22),
(1303, 3, 15, 23),
(1304, 2, 15, 24),
(1305, 1, 15, 25),
(1306, 2, 15, 26),
(1307, 3, 15, 27),
(1308, 1, 15, 28),
(1309, 1, 15, 29),
(1310, 1, 15, 30),
(1311, 2, 15, 31),
(1312, 2, 15, 32),
(1313, 3, 15, 33),
(1314, 2, 15, 34),
(1315, 0, 15, 35),
(1316, 1, 15, 36),
(1317, 2, 15, 37),
(1318, 2, 15, 38),
(1319, 3, 15, 39),
(1320, 1, 15, 40),
(1321, 2, 15, 41),
(1322, 2, 15, 42),
(1323, 1, 15, 43),
(1324, 2, 15, 44),
(1325, 3, 15, 45),
(1326, 2, 15, 46),
(1327, 2, 15, 47),
(1328, 2, 15, 48),
(1329, 1, 15, 49),
(1330, 1, 15, 50),
(1331, 1, 15, 51),
(1332, 2, 15, 52),
(1333, 1, 15, 53),
(1334, 1, 15, 54),
(1335, 1, 15, 55),
(1336, 1, 15, 56),
(1337, 1, 15, 57),
(1338, 1, 15, 58),
(1339, 0, 15, 59),
(1340, 0, 15, 60),
(1341, 0, 15, 61),
(1342, 0, 15, 62),
(1343, 0, 15, 63),
(1344, 0, 15, 64),
(1345, 1, 16, 1),
(1346, 1, 16, 2),
(1347, 3, 16, 3),
(1348, 1, 16, 4),
(1349, 1, 16, 5),
(1350, 2, 16, 6),
(1351, 1, 16, 7),
(1352, 1, 16, 8),
(1353, 2, 16, 9),
(1354, 2, 16, 10),
(1355, 1, 16, 11),
(1356, 1, 16, 12),
(1357, 2, 16, 13),
(1358, 2, 16, 14),
(1359, 2, 16, 15),
(1360, 1, 16, 16),
(1361, 2, 16, 17),
(1362, 1, 16, 18),
(1363, 2, 16, 19),
(1364, 2, 16, 20),
(1365, 1, 16, 21),
(1366, 1, 16, 22),
(1367, 1, 16, 23),
(1368, 2, 16, 24),
(1369, 1, 16, 25),
(1370, 2, 16, 26),
(1371, 2, 16, 27),
(1372, 1, 16, 28),
(1373, 2, 16, 29),
(1374, 1, 16, 30),
(1375, 2, 16, 31),
(1376, 3, 16, 32),
(1377, 1, 16, 33),
(1378, 2, 16, 34),
(1379, 2, 16, 35),
(1380, 1, 16, 36),
(1381, 2, 16, 37),
(1382, 1, 16, 38),
(1383, 2, 16, 39),
(1384, 2, 16, 40),
(1385, 3, 16, 41),
(1386, 1, 16, 42),
(1387, 1, 16, 43),
(1388, 2, 16, 44),
(1389, 2, 16, 45),
(1390, 2, 16, 46),
(1391, 2, 16, 47),
(1392, 2, 16, 48),
(1393, 1, 16, 49),
(1394, 1, 16, 50),
(1395, 1, 16, 51),
(1396, 1, 16, 52),
(1397, 2, 16, 53),
(1398, 1, 16, 54),
(1399, 1, 16, 55),
(1400, 1, 16, 56),
(1401, 0, 16, 57),
(1402, 0, 16, 58),
(1403, 0, 16, 59),
(1404, 0, 16, 60),
(1405, 0, 16, 61),
(1406, 0, 16, 62),
(1407, 0, 16, 63),
(1408, 0, 16, 64),
(1409, 1, 17, 1),
(1410, 0, 17, 2),
(1411, 0, 17, 3),
(1412, 0, 17, 4),
(1413, 1, 17, 5),
(1414, 1, 17, 6),
(1415, 0, 17, 7),
(1416, 0, 17, 8),
(1417, 0, 17, 9),
(1418, 0, 17, 10),
(1419, 0, 17, 11),
(1420, 0, 17, 12),
(1421, 0, 17, 13),
(1422, 0, 17, 14),
(1423, 0, 17, 15),
(1424, 0, 17, 16),
(1425, 0, 17, 17),
(1426, 0, 17, 18),
(1427, 0, 17, 19),
(1428, 0, 17, 20),
(1429, 0, 17, 21),
(1430, 3, 17, 22),
(1431, 1, 17, 23),
(1432, 3, 17, 24),
(1433, 1, 17, 25),
(1434, 1, 17, 26),
(1435, 2, 17, 27),
(1436, 1, 17, 28),
(1437, 2, 17, 29),
(1438, 1, 17, 30),
(1439, 1, 17, 31),
(1440, 1, 17, 32),
(1441, 2, 17, 33),
(1442, 2, 17, 34),
(1443, 0, 17, 35),
(1444, 2, 17, 36),
(1445, 2, 17, 37),
(1446, 2, 17, 38),
(1447, 2, 17, 39),
(1448, 1, 17, 40),
(1449, 1, 17, 41),
(1450, 2, 17, 42),
(1451, 1, 17, 43),
(1452, 2, 17, 44),
(1453, 2, 17, 45),
(1454, 2, 17, 46),
(1455, 2, 17, 47),
(1456, 2, 17, 48),
(1457, 0, 17, 49),
(1458, 0, 17, 50),
(1459, 0, 17, 51),
(1460, 0, 17, 52),
(1461, 0, 17, 53),
(1462, 0, 17, 54),
(1463, 1, 17, 55),
(1464, 2, 17, 56),
(1465, 2, 17, 57),
(1466, 1, 17, 58),
(1467, 0, 17, 59),
(1468, 0, 17, 60),
(1469, 0, 17, 61),
(1470, 0, 17, 62),
(1471, 0, 17, 63),
(1472, 2, 17, 64),
(1473, 1, 18, 1),
(1474, 1, 18, 2),
(1475, 1, 18, 3),
(1476, 1, 18, 4),
(1477, 3, 18, 5),
(1478, 1, 18, 6),
(1479, 1, 18, 7),
(1480, 1, 18, 8),
(1481, 2, 18, 9),
(1482, 3, 18, 10),
(1483, 1, 18, 11),
(1484, 1, 18, 12),
(1485, 2, 18, 13),
(1486, 1, 18, 14),
(1487, 2, 18, 15),
(1488, 1, 18, 16),
(1489, 1, 18, 17),
(1490, 3, 18, 18),
(1491, 2, 18, 19),
(1492, 2, 18, 20),
(1493, 2, 18, 21),
(1494, 1, 18, 22),
(1495, 1, 18, 23),
(1496, 2, 18, 24),
(1497, 0, 18, 25),
(1498, 1, 18, 26),
(1499, 1, 18, 27),
(1500, 1, 18, 28),
(1501, 1, 18, 29),
(1502, 1, 18, 30),
(1503, 1, 18, 31),
(1504, 1, 18, 32),
(1505, 1, 18, 33),
(1506, 2, 18, 34),
(1507, 2, 18, 35),
(1508, 1, 18, 36),
(1509, 2, 18, 37),
(1510, 2, 18, 38),
(1511, 2, 18, 39),
(1512, 2, 18, 40),
(1513, 2, 18, 41),
(1514, 2, 18, 42),
(1515, 1, 18, 43),
(1516, 1, 18, 44),
(1517, 1, 18, 45),
(1518, 2, 18, 46),
(1519, 2, 18, 47),
(1520, 2, 18, 48),
(1521, 1, 18, 49),
(1522, 1, 18, 50),
(1523, 2, 18, 51),
(1524, 1, 18, 52),
(1525, 0, 18, 53),
(1526, 0, 18, 54),
(1527, 1, 18, 55),
(1528, 1, 18, 56),
(1529, 2, 18, 57),
(1530, 1, 18, 58),
(1531, 2, 18, 59),
(1532, 0, 18, 60),
(1533, 0, 18, 61),
(1534, 0, 18, 62),
(1535, 0, 18, 63),
(1536, 0, 18, 64),
(1537, 1, 19, 1),
(1538, 3, 19, 2),
(1539, 1, 19, 3),
(1540, 1, 19, 4),
(1541, 3, 19, 5),
(1542, 2, 19, 6),
(1543, 1, 19, 7),
(1544, 1, 19, 8),
(1545, 2, 19, 9),
(1546, 1, 19, 10),
(1547, 1, 19, 11),
(1548, 1, 19, 12),
(1549, 2, 19, 13),
(1550, 1, 19, 14),
(1551, 2, 19, 15),
(1552, 1, 19, 16),
(1553, 2, 19, 17),
(1554, 1, 19, 18),
(1555, 1, 19, 19),
(1556, 1, 19, 20),
(1557, 1, 19, 21),
(1558, 1, 19, 22),
(1559, 1, 19, 23),
(1560, 1, 19, 24),
(1561, 1, 19, 25),
(1562, 2, 19, 26),
(1563, 0, 19, 27),
(1564, 1, 19, 28),
(1565, 1, 19, 29),
(1566, 1, 19, 30),
(1567, 1, 19, 31),
(1568, 1, 19, 32),
(1569, 1, 19, 33),
(1570, 2, 19, 34),
(1571, 2, 19, 35),
(1572, 3, 19, 36),
(1573, 2, 19, 37),
(1574, 2, 19, 38),
(1575, 1, 19, 39),
(1576, 2, 19, 40),
(1577, 2, 19, 41),
(1578, 2, 19, 42),
(1579, 1, 19, 43),
(1580, 1, 19, 44),
(1581, 2, 19, 45),
(1582, 2, 19, 46),
(1583, 2, 19, 47),
(1584, 2, 19, 48),
(1585, 1, 19, 49),
(1586, 0, 19, 50),
(1587, 2, 19, 51),
(1588, 0, 19, 52),
(1589, 0, 19, 53),
(1590, 1, 19, 54),
(1591, 1, 19, 55),
(1592, 2, 19, 56),
(1593, 1, 19, 57),
(1594, 1, 19, 58),
(1595, 2, 19, 59),
(1596, 1, 19, 60),
(1597, 2, 19, 61),
(1598, 1, 19, 62),
(1599, 1, 19, 63),
(1600, 1, 19, 64),
(1601, 1, 20, 1),
(1602, 1, 20, 2),
(1603, 1, 20, 3),
(1604, 1, 20, 4),
(1605, 1, 20, 5),
(1606, 2, 20, 6),
(1607, 1, 20, 7),
(1608, 1, 20, 8),
(1609, 2, 20, 9),
(1610, 1, 20, 10),
(1611, 1, 20, 11),
(1612, 1, 20, 12),
(1613, 3, 20, 13),
(1614, 1, 20, 14),
(1615, 3, 20, 15),
(1616, 1, 20, 16),
(1617, 3, 20, 17),
(1618, 1, 20, 18),
(1619, 2, 20, 19),
(1620, 2, 20, 20),
(1621, 1, 20, 21),
(1622, 1, 20, 22),
(1623, 2, 20, 23),
(1624, 2, 20, 24),
(1625, 1, 20, 25),
(1626, 2, 20, 26),
(1627, 2, 20, 27),
(1628, 1, 20, 28),
(1629, 2, 20, 29),
(1630, 1, 20, 30),
(1631, 2, 20, 31),
(1632, 1, 20, 32),
(1633, 1, 20, 33),
(1634, 2, 20, 34),
(1635, 3, 20, 35),
(1636, 1, 20, 36),
(1637, 2, 20, 37),
(1638, 2, 20, 38),
(1639, 2, 20, 39),
(1640, 1, 20, 40),
(1641, 2, 20, 41),
(1642, 1, 20, 42),
(1643, 1, 20, 43),
(1644, 2, 20, 44),
(1645, 2, 20, 45),
(1646, 2, 20, 46),
(1647, 2, 20, 47),
(1648, 2, 20, 48),
(1649, 1, 20, 49),
(1650, 2, 20, 50),
(1651, 1, 20, 51),
(1652, 1, 20, 52),
(1653, 1, 20, 53),
(1654, 1, 20, 54),
(1655, 1, 20, 55),
(1656, 1, 20, 56),
(1657, 1, 20, 57),
(1658, 1, 20, 58),
(1659, 1, 20, 59),
(1660, 2, 20, 60),
(1661, 1, 20, 61),
(1662, 2, 20, 62),
(1663, 3, 20, 63),
(1664, 1, 20, 64),
(1665, 1, 21, 1),
(1666, 3, 21, 2),
(1667, 1, 21, 3),
(1668, 2, 21, 4),
(1669, 2, 21, 5),
(1670, 2, 21, 6),
(1671, 1, 21, 7),
(1672, 1, 21, 8),
(1673, 1, 21, 9),
(1674, 2, 21, 10),
(1675, 1, 21, 11),
(1676, 1, 21, 12),
(1677, 2, 21, 13),
(1678, 2, 21, 14),
(1679, 3, 21, 15),
(1680, 1, 21, 16),
(1681, 2, 21, 17),
(1682, 2, 21, 18),
(1683, 1, 21, 19),
(1684, 2, 21, 20),
(1685, 1, 21, 21),
(1686, 1, 21, 22),
(1687, 1, 21, 23),
(1688, 3, 21, 24),
(1689, 1, 21, 25),
(1690, 3, 21, 26),
(1691, 2, 21, 27),
(1692, 1, 21, 28),
(1693, 2, 21, 29),
(1694, 1, 21, 30),
(1695, 2, 21, 31),
(1696, 2, 21, 32),
(1697, 1, 21, 33),
(1698, 2, 21, 34),
(1699, 1, 21, 35),
(1700, 1, 21, 36),
(1701, 2, 21, 37),
(1702, 2, 21, 38),
(1703, 2, 21, 39),
(1704, 1, 21, 40),
(1705, 2, 21, 41),
(1706, 1, 21, 42),
(1707, 1, 21, 43),
(1708, 2, 21, 44),
(1709, 3, 21, 45),
(1710, 2, 21, 46),
(1711, 2, 21, 47),
(1712, 2, 21, 48),
(1713, 0, 21, 49),
(1714, 0, 21, 50),
(1715, 0, 21, 51),
(1716, 0, 21, 52),
(1717, 0, 21, 53),
(1718, 0, 21, 54),
(1719, 0, 21, 55),
(1720, 0, 21, 56),
(1721, 0, 21, 57),
(1722, 0, 21, 58),
(1723, 0, 21, 59),
(1724, 0, 21, 60),
(1725, 0, 21, 61),
(1726, 0, 21, 62),
(1727, 0, 21, 63),
(1728, 0, 21, 64),
(1729, 1, 22, 1),
(1730, 1, 22, 2),
(1731, 1, 22, 3),
(1732, 1, 22, 4),
(1733, 2, 22, 5),
(1734, 1, 22, 6),
(1735, 1, 22, 7),
(1736, 1, 22, 8),
(1737, 1, 22, 9),
(1738, 3, 22, 10),
(1739, 1, 22, 11),
(1740, 1, 22, 12),
(1741, 2, 22, 13),
(1742, 1, 22, 14),
(1743, 2, 22, 15),
(1744, 1, 22, 16),
(1745, 3, 22, 17),
(1746, 1, 22, 18),
(1747, 1, 22, 19),
(1748, 2, 22, 20),
(1749, 1, 22, 21),
(1750, 1, 22, 22),
(1751, 1, 22, 23),
(1752, 3, 22, 24),
(1753, 1, 22, 25),
(1754, 2, 22, 26),
(1755, 2, 22, 27),
(1756, 1, 22, 28),
(1757, 1, 22, 29),
(1758, 1, 22, 30),
(1759, 2, 22, 31),
(1760, 1, 22, 32),
(1761, 1, 22, 33),
(1762, 2, 22, 34),
(1763, 1, 22, 35),
(1764, 1, 22, 36),
(1765, 2, 22, 37),
(1766, 2, 22, 38),
(1767, 2, 22, 39),
(1768, 1, 22, 40),
(1769, 2, 22, 41),
(1770, 2, 22, 42),
(1771, 2, 22, 43),
(1772, 2, 22, 44),
(1773, 1, 22, 45),
(1774, 2, 22, 46),
(1775, 2, 22, 47),
(1776, 2, 22, 48),
(1777, 1, 22, 49),
(1778, 1, 22, 50),
(1779, 1, 22, 51),
(1780, 1, 22, 52),
(1781, 0, 22, 53),
(1782, 0, 22, 54),
(1783, 1, 22, 55),
(1784, 2, 22, 56),
(1785, 1, 22, 57),
(1786, 1, 22, 58),
(1787, 2, 22, 59),
(1788, 0, 22, 60),
(1789, 0, 22, 61),
(1790, 0, 22, 62),
(1791, 0, 22, 63),
(1792, 0, 22, 64),
(1793, 1, 23, 1),
(1794, 1, 23, 2),
(1795, 1, 23, 3),
(1796, 3, 23, 4),
(1797, 3, 23, 5),
(1798, 2, 23, 6),
(1799, 1, 23, 7),
(1800, 1, 23, 8),
(1801, 2, 23, 9),
(1802, 1, 23, 10),
(1803, 1, 23, 11),
(1804, 1, 23, 12),
(1805, 3, 23, 13),
(1806, 1, 23, 14),
(1807, 2, 23, 15),
(1808, 1, 23, 16),
(1809, 1, 23, 17),
(1810, 1, 23, 18),
(1811, 2, 23, 19),
(1812, 2, 23, 20),
(1813, 1, 23, 21),
(1814, 1, 23, 22),
(1815, 1, 23, 23),
(1816, 2, 23, 24),
(1817, 1, 23, 25),
(1818, 3, 23, 26),
(1819, 3, 23, 27),
(1820, 1, 23, 28),
(1821, 2, 23, 29),
(1822, 1, 23, 30),
(1823, 2, 23, 31),
(1824, 3, 23, 32),
(1825, 1, 23, 33),
(1826, 2, 23, 34),
(1827, 2, 23, 35),
(1828, 1, 23, 36),
(1829, 2, 23, 37),
(1830, 2, 23, 38),
(1831, 2, 23, 39),
(1832, 1, 23, 40),
(1833, 1, 23, 41),
(1834, 2, 23, 42),
(1835, 2, 23, 43),
(1836, 2, 23, 44),
(1837, 2, 23, 45),
(1838, 1, 23, 46),
(1839, 2, 23, 47),
(1840, 2, 23, 48),
(1841, 0, 23, 49),
(1842, 0, 23, 50),
(1843, 2, 23, 51),
(1844, 1, 23, 52),
(1845, 1, 23, 53),
(1846, 1, 23, 54),
(1847, 1, 23, 55),
(1848, 1, 23, 56),
(1849, 1, 23, 57),
(1850, 1, 23, 58),
(1851, 1, 23, 59),
(1852, 0, 23, 60),
(1853, 0, 23, 61),
(1854, 0, 23, 62),
(1855, 0, 23, 63),
(1856, 0, 23, 64),
(1857, 1, 24, 1),
(1858, 1, 24, 2),
(1859, 3, 24, 3),
(1860, 1, 24, 4),
(1861, 1, 24, 5),
(1862, 3, 24, 6),
(1863, 3, 24, 7),
(1864, 1, 24, 8),
(1865, 1, 24, 9),
(1866, 2, 24, 10),
(1867, 1, 24, 11),
(1868, 1, 24, 12),
(1869, 2, 24, 13),
(1870, 1, 24, 14),
(1871, 2, 24, 15),
(1872, 1, 24, 16),
(1873, 1, 24, 17),
(1874, 1, 24, 18),
(1875, 3, 24, 19),
(1876, 2, 24, 20),
(1877, 1, 24, 21),
(1878, 1, 24, 22),
(1879, 3, 24, 23),
(1880, 2, 24, 24),
(1881, 1, 24, 25),
(1882, 2, 24, 26),
(1883, 2, 24, 27),
(1884, 1, 24, 28),
(1885, 1, 24, 29),
(1886, 1, 24, 30),
(1887, 2, 24, 31),
(1888, 1, 24, 32),
(1889, 3, 24, 33),
(1890, 2, 24, 34),
(1891, 2, 24, 35),
(1892, 1, 24, 36),
(1893, 2, 24, 37),
(1894, 2, 24, 38),
(1895, 1, 24, 39),
(1896, 1, 24, 40),
(1897, 2, 24, 41),
(1898, 2, 24, 42),
(1899, 1, 24, 43),
(1900, 2, 24, 44),
(1901, 2, 24, 45),
(1902, 2, 24, 46),
(1903, 2, 24, 47),
(1904, 2, 24, 48),
(1905, 0, 24, 49),
(1906, 0, 24, 50),
(1907, 0, 24, 51),
(1908, 0, 24, 52),
(1909, 0, 24, 53),
(1910, 0, 24, 54),
(1911, 0, 24, 55),
(1912, 0, 24, 56),
(1913, 0, 24, 57),
(1914, 0, 24, 58),
(1915, 0, 24, 59),
(1916, 0, 24, 60),
(1917, 0, 24, 61),
(1918, 0, 24, 62),
(1919, 0, 24, 63),
(1920, 0, 24, 64),
(1921, 1, 25, 1),
(1922, 1, 25, 2),
(1923, 3, 25, 3),
(1924, 0, 25, 4),
(1925, 1, 25, 5),
(1926, 1, 25, 6),
(1927, 1, 25, 7),
(1928, 0, 25, 8),
(1929, 3, 25, 9),
(1930, 0, 25, 10),
(1931, 1, 25, 11),
(1932, 0, 25, 12),
(1933, 2, 25, 13),
(1934, 1, 25, 14),
(1935, 3, 25, 15),
(1936, 3, 25, 16),
(1937, 1, 25, 17),
(1938, 1, 25, 18),
(1939, 2, 25, 19),
(1940, 2, 25, 20),
(1941, 3, 25, 21),
(1942, 1, 25, 22),
(1943, 3, 25, 23),
(1944, 2, 25, 24),
(1945, 1, 25, 25),
(1946, 3, 25, 26),
(1947, 3, 25, 27),
(1948, 1, 25, 28),
(1949, 1, 25, 29),
(1950, 0, 25, 30),
(1951, 2, 25, 31),
(1952, 0, 25, 32),
(1953, 2, 25, 33),
(1954, 3, 25, 34),
(1955, 3, 25, 35),
(1956, 0, 25, 36),
(1957, 3, 25, 37),
(1958, 2, 25, 38),
(1959, 2, 25, 39),
(1960, 1, 25, 40),
(1961, 2, 25, 41),
(1962, 2, 25, 42),
(1963, 1, 25, 43),
(1964, 2, 25, 44),
(1965, 2, 25, 45),
(1966, 2, 25, 46),
(1967, 2, 25, 47),
(1968, 2, 25, 48),
(1969, 1, 25, 49),
(1970, 1, 25, 50),
(1971, 2, 25, 51),
(1972, 1, 25, 52),
(1973, 1, 25, 53),
(1974, 1, 25, 54),
(1975, 1, 25, 55),
(1976, 2, 25, 56),
(1977, 0, 25, 57),
(1978, 0, 25, 58),
(1979, 0, 25, 59),
(1980, 0, 25, 60),
(1981, 0, 25, 61),
(1982, 0, 25, 62),
(1983, 0, 25, 63),
(1984, 0, 25, 64),
(1985, 1, 26, 1),
(1986, 1, 26, 2),
(1987, 1, 26, 3),
(1988, 1, 26, 4),
(1989, 0, 26, 5),
(1990, 1, 26, 6),
(1991, 1, 26, 7),
(1992, 0, 26, 8),
(1993, 0, 26, 9),
(1994, 1, 26, 10),
(1995, 1, 26, 11),
(1996, 1, 26, 12),
(1997, 2, 26, 13),
(1998, 1, 26, 14),
(1999, 2, 26, 15),
(2000, 1, 26, 16),
(2001, 1, 26, 17),
(2002, 3, 26, 18),
(2003, 2, 26, 19),
(2004, 2, 26, 20),
(2005, 1, 26, 21),
(2006, 1, 26, 22),
(2007, 1, 26, 23),
(2008, 2, 26, 24),
(2009, 1, 26, 25),
(2010, 2, 26, 26),
(2011, 2, 26, 27),
(2012, 1, 26, 28),
(2013, 1, 26, 29),
(2014, 1, 26, 30),
(2015, 2, 26, 31),
(2016, 1, 26, 32),
(2017, 1, 26, 33),
(2018, 2, 26, 34),
(2019, 0, 26, 35),
(2020, 1, 26, 36),
(2021, 2, 26, 37),
(2022, 3, 26, 38),
(2023, 3, 26, 39),
(2024, 1, 26, 40),
(2025, 2, 26, 41),
(2026, 2, 26, 42),
(2027, 1, 26, 43),
(2028, 1, 26, 44),
(2029, 0, 26, 45),
(2030, 0, 26, 46),
(2031, 0, 26, 47),
(2032, 2, 26, 48),
(2033, 1, 26, 49),
(2034, 1, 26, 50),
(2035, 2, 26, 51),
(2036, 1, 26, 52),
(2037, 1, 26, 53),
(2038, 1, 26, 54),
(2039, 1, 26, 55),
(2040, 1, 26, 56),
(2041, 0, 26, 57),
(2042, 1, 26, 58),
(2043, 0, 26, 59),
(2044, 0, 26, 60),
(2045, 0, 26, 61),
(2046, 0, 26, 62),
(2047, 0, 26, 63),
(2048, 0, 26, 64),
(2049, 1, 27, 1),
(2050, 1, 27, 2),
(2051, 1, 27, 3),
(2052, 3, 27, 4),
(2053, 1, 27, 5),
(2054, 3, 27, 6),
(2055, 1, 27, 7),
(2056, 1, 27, 8),
(2057, 3, 27, 9),
(2058, 1, 27, 10),
(2059, 1, 27, 11),
(2060, 1, 27, 12),
(2061, 2, 27, 13),
(2062, 1, 27, 14),
(2063, 3, 27, 15),
(2064, 1, 27, 16),
(2065, 1, 27, 17),
(2066, 1, 27, 18),
(2067, 2, 27, 19),
(2068, 2, 27, 20),
(2069, 1, 27, 21),
(2070, 1, 27, 22),
(2071, 1, 27, 23),
(2072, 2, 27, 24),
(2073, 1, 27, 25),
(2074, 3, 27, 26),
(2075, 1, 27, 27),
(2076, 1, 27, 28),
(2077, 1, 27, 29),
(2078, 1, 27, 30),
(2079, 3, 27, 31),
(2080, 1, 27, 32),
(2081, 1, 27, 33),
(2082, 2, 27, 34),
(2083, 2, 27, 35),
(2084, 2, 27, 36),
(2085, 2, 27, 37),
(2086, 3, 27, 38),
(2087, 2, 27, 39),
(2088, 1, 27, 40),
(2089, 2, 27, 41),
(2090, 2, 27, 42),
(2091, 3, 27, 43),
(2092, 2, 27, 44),
(2093, 2, 27, 45),
(2094, 2, 27, 46),
(2095, 2, 27, 47),
(2096, 3, 27, 48),
(2097, 0, 27, 49),
(2098, 0, 27, 50),
(2099, 0, 27, 51),
(2100, 0, 27, 52),
(2101, 0, 27, 53),
(2102, 0, 27, 54),
(2103, 0, 27, 55),
(2104, 0, 27, 56),
(2105, 0, 27, 57),
(2106, 0, 27, 58),
(2107, 0, 27, 59),
(2108, 0, 27, 60),
(2109, 0, 27, 61),
(2110, 0, 27, 62),
(2111, 0, 27, 63),
(2112, 0, 27, 64),
(2113, 3, 28, 1),
(2114, 3, 28, 2),
(2115, 1, 28, 3),
(2116, 2, 28, 4),
(2117, 1, 28, 5),
(2118, 1, 28, 6),
(2119, 2, 28, 7),
(2120, 1, 28, 8),
(2121, 3, 28, 9),
(2122, 2, 28, 10),
(2123, 1, 28, 11),
(2124, 1, 28, 12),
(2125, 2, 28, 13),
(2126, 2, 28, 14),
(2127, 2, 28, 15),
(2128, 1, 28, 16),
(2129, 1, 28, 17),
(2130, 1, 28, 18),
(2131, 2, 28, 19),
(2132, 2, 28, 20),
(2133, 1, 28, 21),
(2134, 1, 28, 22),
(2135, 1, 28, 23),
(2136, 2, 28, 24),
(2137, 1, 28, 25),
(2138, 2, 28, 26),
(2139, 2, 28, 27),
(2140, 1, 28, 28),
(2141, 2, 28, 29),
(2142, 1, 28, 30),
(2143, 1, 28, 31),
(2144, 3, 28, 32),
(2145, 1, 28, 33),
(2146, 2, 28, 34),
(2147, 2, 28, 35),
(2148, 1, 28, 36),
(2149, 2, 28, 37),
(2150, 2, 28, 38),
(2151, 2, 28, 39),
(2152, 1, 28, 40),
(2153, 2, 28, 41),
(2154, 2, 28, 42),
(2155, 1, 28, 43),
(2156, 2, 28, 44),
(2157, 2, 28, 45),
(2158, 2, 28, 46),
(2159, 2, 28, 47),
(2160, 2, 28, 48),
(2161, 1, 28, 49),
(2162, 1, 28, 50),
(2163, 2, 28, 51),
(2164, 1, 28, 52),
(2165, 1, 28, 53),
(2166, 1, 28, 54),
(2167, 1, 28, 55),
(2168, 2, 28, 56),
(2169, 1, 28, 57),
(2170, 2, 28, 58),
(2171, 2, 28, 59),
(2172, 0, 28, 60),
(2173, 0, 28, 61),
(2174, 0, 28, 62),
(2175, 0, 28, 63),
(2176, 0, 28, 64),
(2177, 1, 29, 1),
(2178, 1, 29, 2),
(2179, 1, 29, 3),
(2180, 2, 29, 4),
(2181, 2, 29, 5),
(2182, 1, 29, 6),
(2183, 1, 29, 7),
(2184, 1, 29, 8),
(2185, 3, 29, 9),
(2186, 2, 29, 10),
(2187, 1, 29, 11),
(2188, 1, 29, 12),
(2189, 2, 29, 13),
(2190, 1, 29, 14),
(2191, 3, 29, 15),
(2192, 1, 29, 16),
(2193, 1, 29, 17),
(2194, 3, 29, 18),
(2195, 2, 29, 19),
(2196, 2, 29, 20),
(2197, 1, 29, 21),
(2198, 1, 29, 22),
(2199, 1, 29, 23),
(2200, 1, 29, 24),
(2201, 1, 29, 25),
(2202, 2, 29, 26),
(2203, 2, 29, 27),
(2204, 1, 29, 28),
(2205, 2, 29, 29),
(2206, 1, 29, 30),
(2207, 1, 29, 31),
(2208, 1, 29, 32),
(2209, 2, 29, 33),
(2210, 2, 29, 34),
(2211, 0, 29, 35),
(2212, 1, 29, 36),
(2213, 2, 29, 37),
(2214, 2, 29, 38),
(2215, 1, 29, 39),
(2216, 1, 29, 40),
(2217, 2, 29, 41),
(2218, 2, 29, 42),
(2219, 2, 29, 43),
(2220, 1, 29, 44),
(2221, 2, 29, 45),
(2222, 2, 29, 46),
(2223, 2, 29, 47),
(2224, 2, 29, 48),
(2225, 1, 29, 49),
(2226, 1, 29, 50),
(2227, 2, 29, 51),
(2228, 1, 29, 52),
(2229, 1, 29, 53),
(2230, 1, 29, 54),
(2231, 1, 29, 55),
(2232, 1, 29, 56),
(2233, 0, 29, 57),
(2234, 0, 29, 58),
(2235, 0, 29, 59),
(2236, 0, 29, 60),
(2237, 0, 29, 61),
(2238, 0, 29, 62),
(2239, 0, 29, 63),
(2240, 0, 29, 64),
(2241, 1, 30, 1),
(2242, 1, 30, 2),
(2243, 2, 30, 3),
(2244, 1, 30, 4),
(2245, 0, 30, 5),
(2246, 0, 30, 6),
(2247, 2, 30, 7),
(2248, 1, 30, 8),
(2249, 2, 30, 9),
(2250, 1, 30, 10),
(2251, 1, 30, 11),
(2252, 1, 30, 12),
(2253, 2, 30, 13),
(2254, 1, 30, 14),
(2255, 2, 30, 15),
(2256, 1, 30, 16),
(2257, 1, 30, 17),
(2258, 1, 30, 18),
(2259, 2, 30, 19),
(2260, 2, 30, 20),
(2261, 1, 30, 21),
(2262, 2, 30, 22),
(2263, 3, 30, 23),
(2264, 3, 30, 24),
(2265, 1, 30, 25),
(2266, 2, 30, 26),
(2267, 2, 30, 27),
(2268, 1, 30, 28),
(2269, 1, 30, 29),
(2270, 1, 30, 30),
(2271, 2, 30, 31),
(2272, 3, 30, 32),
(2273, 2, 30, 33),
(2274, 0, 30, 34),
(2275, 2, 30, 35),
(2276, 0, 30, 36),
(2277, 2, 30, 37),
(2278, 3, 30, 38),
(2279, 2, 30, 39),
(2280, 1, 30, 40),
(2281, 0, 30, 41),
(2282, 0, 30, 42),
(2283, 1, 30, 43),
(2284, 2, 30, 44),
(2285, 0, 30, 45),
(2286, 0, 30, 46),
(2287, 0, 30, 47),
(2288, 0, 30, 48),
(2289, 1, 30, 49),
(2290, 2, 30, 50),
(2291, 1, 30, 51),
(2292, 1, 30, 52),
(2293, 1, 30, 53),
(2294, 1, 30, 54),
(2295, 1, 30, 55),
(2296, 1, 30, 56),
(2297, 1, 30, 57),
(2298, 1, 30, 58),
(2299, 2, 30, 59),
(2300, 0, 30, 60),
(2301, 0, 30, 61),
(2302, 0, 30, 62),
(2303, 0, 30, 63),
(2304, 0, 30, 64),
(2305, 1, 31, 1),
(2306, 1, 31, 2),
(2307, 3, 31, 3),
(2308, 1, 31, 4),
(2309, 2, 31, 5),
(2310, 1, 31, 6),
(2311, 1, 31, 7),
(2312, 1, 31, 8),
(2313, 1, 31, 9),
(2314, 1, 31, 10),
(2315, 1, 31, 11),
(2316, 1, 31, 12),
(2317, 2, 31, 13),
(2318, 1, 31, 14),
(2319, 2, 31, 15),
(2320, 1, 31, 16),
(2321, 1, 31, 17),
(2322, 1, 31, 18),
(2323, 2, 31, 19),
(2324, 2, 31, 20),
(2325, 1, 31, 21),
(2326, 1, 31, 22),
(2327, 1, 31, 23),
(2328, 1, 31, 24),
(2329, 1, 31, 25),
(2330, 2, 31, 26),
(2331, 2, 31, 27),
(2332, 1, 31, 28),
(2333, 1, 31, 29),
(2334, 1, 31, 30),
(2335, 2, 31, 31),
(2336, 2, 31, 32),
(2337, 1, 31, 33),
(2338, 2, 31, 34),
(2339, 2, 31, 35),
(2340, 1, 31, 36),
(2341, 2, 31, 37),
(2342, 2, 31, 38),
(2343, 2, 31, 39),
(2344, 1, 31, 40),
(2345, 2, 31, 41),
(2346, 2, 31, 42),
(2347, 1, 31, 43),
(2348, 1, 31, 44),
(2349, 2, 31, 45),
(2350, 2, 31, 46),
(2351, 2, 31, 47),
(2352, 2, 31, 48),
(2353, 1, 31, 49),
(2354, 2, 31, 50),
(2355, 2, 31, 51),
(2356, 1, 31, 52),
(2357, 1, 31, 53),
(2358, 1, 31, 54),
(2359, 1, 31, 55),
(2360, 2, 31, 56),
(2361, 0, 31, 57),
(2362, 0, 31, 58),
(2363, 0, 31, 59),
(2364, 0, 31, 60),
(2365, 0, 31, 61),
(2366, 0, 31, 62),
(2367, 0, 31, 63),
(2368, 0, 31, 64),
(2369, 1, 32, 1),
(2370, 1, 32, 2),
(2371, 1, 32, 3),
(2372, 1, 32, 4),
(2373, 1, 32, 5),
(2374, 1, 32, 6),
(2375, 1, 32, 7),
(2376, 1, 32, 8),
(2377, 2, 32, 9),
(2378, 2, 32, 10),
(2379, 1, 32, 11),
(2380, 1, 32, 12),
(2381, 2, 32, 13),
(2382, 2, 32, 14),
(2383, 2, 32, 15),
(2384, 1, 32, 16),
(2385, 1, 32, 17),
(2386, 1, 32, 18),
(2387, 2, 32, 19),
(2388, 2, 32, 20),
(2389, 1, 32, 21),
(2390, 1, 32, 22),
(2391, 1, 32, 23),
(2392, 2, 32, 24),
(2393, 1, 32, 25),
(2394, 2, 32, 26),
(2395, 1, 32, 27),
(2396, 1, 32, 28),
(2397, 2, 32, 29),
(2398, 1, 32, 30),
(2399, 2, 32, 31),
(2400, 1, 32, 32),
(2401, 1, 32, 33),
(2402, 2, 32, 34),
(2403, 1, 32, 35),
(2404, 1, 32, 36),
(2405, 2, 32, 37),
(2406, 2, 32, 38),
(2407, 2, 32, 39),
(2408, 1, 32, 40),
(2409, 2, 32, 41),
(2410, 2, 32, 42),
(2411, 1, 32, 43),
(2412, 2, 32, 44),
(2413, 2, 32, 45),
(2414, 2, 32, 46),
(2415, 2, 32, 47),
(2416, 2, 32, 48),
(2417, 1, 32, 49),
(2418, 2, 32, 50),
(2419, 1, 32, 51),
(2420, 1, 32, 52),
(2421, 1, 32, 53),
(2422, 1, 32, 54),
(2423, 1, 32, 55),
(2424, 2, 32, 56),
(2425, 0, 32, 57),
(2426, 0, 32, 58),
(2427, 0, 32, 59),
(2428, 0, 32, 60),
(2429, 0, 32, 61),
(2430, 0, 32, 62),
(2431, 0, 32, 63),
(2432, 0, 32, 64);

-- --------------------------------------------------------

--
-- Estructura de tabla para la tabla `usuario`
--

CREATE TABLE IF NOT EXISTS `usuario` (
  `idUsuario` int(11) NOT NULL AUTO_INCREMENT,
  `usuarioUsuario` varchar(20) COLLATE latin1_spanish_ci NOT NULL,
  `passwordUsuario` varchar(20) COLLATE latin1_spanish_ci NOT NULL,
  `nombreUsuario` varchar(40) COLLATE latin1_spanish_ci NOT NULL,
  PRIMARY KEY (`idUsuario`)
) ENGINE=InnoDB  DEFAULT CHARSET=latin1 COLLATE=latin1_spanish_ci AUTO_INCREMENT=33 ;

--
-- Volcado de datos para la tabla `usuario`
--

INSERT INTO `usuario` (`idUsuario`, `usuarioUsuario`, `passwordUsuario`, `nombreUsuario`) VALUES
(1, 'diegojardon', 'diego123', 'Diego Jardon'),
(2, 'yessi', 'laura123', 'Yessi'),
(3, 'isma', '7654321a', 'Isma'),
(4, 'moni', 'monicita', 'Moni'),
(5, 'raul', 'raul', 'Raul'),
(6, 'lili', 'lili', 'Lili'),
(7, 'anita', 'anita', 'Anita'),
(8, 'mario', 'mrmza2014', 'Mario'),
(9, 'charlie', 'chivas1', 'Charlie'),
(10, 'luis', 'luis', 'Luis'),
(11, 'javit', 'javit', 'Javit'),
(12, 'betolopez', 'beto', 'Beto Lopez'),
(13, 'betoruiz', 'telcel123', 'Beto Ruiz'),
(14, 'hugo', 'hugo', 'Hugo'),
(15, 'oscar', 'oscar', 'Oscar'),
(16, 'alex', 'alex', 'Alex'),
(17, 'ruben', 'Ximena03Jh', 'Ruben'),
(18, 'alfred', 'zildrum10', 'Alfred'),
(19, 'pedro', 'telcel123', 'Pedro'),
(20, 'adrian', 'gato', 'Adrian'),
(21, 'fer', '5589JFfl5589qa', 'Fer'),
(22, 'manolo', 'k0r42014', 'Manolo'),
(23, 'joseluis', 'olaya1022', 'Jose Luis'),
(24, 'diegogarcia', 'diegogarcia', 'Diego Garcia'),
(25, 'chucho', 'chucho', 'Chucho'),
(26, 'julio', 'julio', 'Julio'),
(27, 'chikitin', 'chikitin', 'Ismael Nagore'),
(28, 'lalo', 'orionorion', 'Lalo Bonilla'),
(29, 'gennaro', 'acceso24', 'Gennaro'),
(30, 'paco', 'prueba123', 'Paco'),
(31, 'benja', 'carioca33', 'Benjamin'),
(32, 'david', 'diego5', 'David');

/*!40101 SET CHARACTER_SET_CLIENT=@OLD_CHARACTER_SET_CLIENT */;
/*!40101 SET CHARACTER_SET_RESULTS=@OLD_CHARACTER_SET_RESULTS */;
/*!40101 SET COLLATION_CONNECTION=@OLD_COLLATION_CONNECTION */;
