-- phpMyAdmin SQL Dump
-- version 4.1.8
-- http://www.phpmyadmin.net
--
-- Servidor: localhost
-- Tiempo de generación: 07-06-2014 a las 20:53:25
-- Versión del servidor: 5.5.34-cll-lve
-- Versión de PHP: 5.4.23

SET SQL_MODE = "NO_AUTO_VALUE_ON_ZERO";
SET time_zone = "+00:00";


/*!40101 SET @OLD_CHARACTER_SET_CLIENT=@@CHARACTER_SET_CLIENT */;
/*!40101 SET @OLD_CHARACTER_SET_RESULTS=@@CHARACTER_SET_RESULTS */;
/*!40101 SET @OLD_COLLATION_CONNECTION=@@COLLATION_CONNECTION */;
/*!40101 SET NAMES utf8 */;

--
-- Base de datos: `appstero_mundial`
--

-- --------------------------------------------------------

--
-- Estructura de tabla para la tabla `partido`
--

CREATE TABLE IF NOT EXISTS `partido` (
  `idPartido` int(11) NOT NULL AUTO_INCREMENT,
  `localPartido` varchar(25) COLLATE latin1_spanish_ci NOT NULL,
  `visitantePartido` varchar(25) COLLATE latin1_spanish_ci NOT NULL,
  `fechaPartido` timestamp NOT NULL DEFAULT CURRENT_TIMESTAMP,
  `marcadorPartido` varchar(8) COLLATE latin1_spanish_ci NOT NULL,
  `resultadoPartido` tinyint(4) NOT NULL DEFAULT '0',
  PRIMARY KEY (`idPartido`)
) ENGINE=InnoDB  DEFAULT CHARSET=latin1 COLLATE=latin1_spanish_ci AUTO_INCREMENT=65 ;

--
-- Volcado de datos para la tabla `partido`
--

INSERT INTO `partido` (`idPartido`, `localPartido`, `visitantePartido`, `fechaPartido`, `marcadorPartido`, `resultadoPartido`) VALUES
(1, 'Brasil', 'Croacia', '2014-06-12 20:00:00', '', 0),
(2, 'Chile', 'Australia', '2014-06-13 21:00:00', '', 0),
(3, 'Mexico', 'Camerun', '2014-06-13 16:00:00', '', 0),
(4, 'Espana', 'Holanda', '2014-06-13 19:00:00', '', 0),
(5, 'Bosnia', 'Iran', '2014-06-25 16:00:00', '', 0),
(6, 'Argelia', 'Rusia', '2014-06-26 20:00:00', '', 0),
(7, 'Colombia', 'Grecia', '2014-06-14 16:00:00', '', 0),
(8, 'Uruguay', 'Costa Rica', '2014-06-14 19:00:00', '', 0),
(9, 'Inglaterra', 'Italia', '2014-06-14 22:00:00', '', 0),
(10, 'Suiza', 'Ecuador', '2014-06-15 16:00:00', '', 0),
(11, 'Francia', 'Honduras', '2014-06-15 19:00:00', '', 0),
(12, 'Argentina', 'Bosnia', '2014-06-15 22:00:00', '', 0),
(13, 'Iran', 'Nigeria', '2014-06-16 19:00:00', '', 0),
(14, 'Alemania', 'Portugal', '2014-06-16 16:00:00', '', 0),
(15, 'Ghana', 'Estados Unidos', '2014-06-16 22:00:00', '', 0),
(16, 'Belgica', 'Argelia', '2014-06-17 16:00:00', '', 0),
(17, 'Rusia', 'Corea del Sur', '2014-06-17 22:00:00', '', 0),
(18, 'Brasil', 'Mexico', '2014-06-17 19:00:00', '', 0),
(19, 'Camerun', 'Croacia', '2014-06-18 22:00:00', '', 0),
(20, 'Australia', 'Holanda', '2014-06-18 16:00:00', '', 0),
(21, 'Espana', 'Chile', '2014-06-18 19:00:00', '', 0),
(22, 'Colombia', 'Costa de Marfil', '2014-06-19 16:00:00', '', 0),
(23, 'Japon', 'Grecia', '2014-06-19 22:00:00', '', 0),
(24, 'Uruguay', 'Inglaterra', '2014-06-19 19:00:00', '', 0),
(25, 'Italia', 'Costa Rica', '2014-06-20 16:00:00', '', 0),
(26, 'Suiza', 'Francia', '2014-06-20 19:00:00', '', 0),
(27, 'Honduras', 'Ecuador', '2014-06-20 22:00:00', '', 0),
(28, 'Argentina', 'Iran', '2014-06-21 16:00:00', '', 0),
(29, 'Nigeria', 'Bosnia', '2014-06-21 22:00:00', '', 0),
(30, 'Alemania', 'Ghana', '2014-06-21 19:00:00', '', 0),
(31, 'Estados Unidos', 'Portugal', '2014-06-22 22:00:00', '', 0),
(32, 'Belgica', 'Rusia', '2014-06-22 16:00:00', '', 0),
(33, 'Corea del Sur', 'Argelia', '2014-06-22 19:00:00', '', 0),
(34, 'Corea del Sur', 'Belgica', '2014-06-26 20:00:00', '', 0),
(35, 'Costa de Marfil', 'Japon', '2014-06-15 01:00:00', '', 0),
(36, 'Portugal', 'Ghana', '2014-06-26 16:00:00', '', 0),
(37, 'Camerun', 'Brasil', '2014-06-23 20:00:00', '', 0),
(38, 'Croacia', 'Mexico', '2014-06-23 20:00:00', '', 0),
(39, 'Australia', 'Espana', '2014-06-23 16:00:00', '', 0),
(40, 'Holanda', 'Chile', '2014-06-23 16:00:00', '', 0),
(41, 'Japon', 'Colombia', '2014-06-24 20:00:00', '', 0),
(42, 'Grecia', 'Costa de Marfil', '2014-06-24 20:00:00', '', 0),
(43, 'Italia', 'Uruguay', '2014-06-24 16:00:00', '', 0),
(44, 'Costa Rica', 'Inglaterra', '2014-06-24 16:00:00', '', 0),
(45, 'Honduras', 'Suiza', '2014-06-25 20:00:00', '', 0),
(46, 'Ecuador', 'Francia', '2014-06-25 20:00:00', '', 0),
(47, 'Nigeria', 'Argentina', '2014-06-25 16:00:00', '', 0),
(48, 'Estados Unidos', 'Alemania', '2014-06-26 16:00:00', '', 0),
(49, '1A', '2B', '2014-06-28 18:00:00', '', 0),
(50, '1C', '2D', '2014-06-28 22:00:00', '', 0),
(51, '1B', '2A', '2014-06-29 18:00:00', '', 0),
(52, '1D', '2C', '2014-06-29 22:00:00', '', 0),
(53, '1E', '2F', '2014-06-30 18:00:00', '', 0),
(54, '1G', '2H', '2014-06-30 22:00:00', '', 0),
(55, '1F', '2E', '2014-07-01 18:00:00', '', 0),
(56, '1H', '2G', '2014-07-01 22:00:00', '', 0),
(57, 'G49', 'G50', '2014-07-04 22:00:00', '', 0),
(58, 'G53', 'G54', '2014-07-04 18:00:00', '', 0),
(59, 'G51', 'G52', '2014-07-05 22:00:00', '', 0),
(60, 'G55', 'G56', '2014-07-05 18:00:00', '', 0),
(61, 'G57', 'G58', '2014-07-08 22:00:00', '', 0),
(62, 'G59', 'G60', '2014-07-09 22:00:00', '', 0),
(63, 'P61', 'P62', '2014-07-12 22:00:00', '', 0),
(64, 'G61', 'G62', '2014-07-13 21:00:00', '', 0);

-- --------------------------------------------------------

--
-- Estructura de tabla para la tabla `quiniela`
--

CREATE TABLE IF NOT EXISTS `quiniela` (
  `idQuiniela` int(11) NOT NULL AUTO_INCREMENT,
  `resultadoQuiniela` tinyint(4) NOT NULL DEFAULT '0',
  `idUsuario` int(11) NOT NULL,
  `idPartido` int(11) NOT NULL,
  PRIMARY KEY (`idQuiniela`)
) ENGINE=InnoDB  DEFAULT CHARSET=latin1 COLLATE=latin1_spanish_ci AUTO_INCREMENT=1985 ;

--
-- Volcado de datos para la tabla `quiniela`
--

INSERT INTO `quiniela` (`idQuiniela`, `resultadoQuiniela`, `idUsuario`, `idPartido`) VALUES
(193, 0, 1, 1),
(194, 0, 1, 2),
(195, 0, 1, 3),
(196, 0, 1, 4),
(197, 0, 1, 5),
(198, 0, 1, 6),
(199, 0, 1, 7),
(200, 0, 1, 8),
(201, 0, 1, 9),
(202, 0, 1, 10),
(203, 0, 1, 11),
(204, 0, 1, 12),
(205, 0, 1, 13),
(206, 0, 1, 14),
(207, 0, 1, 15),
(208, 0, 1, 16),
(209, 0, 1, 17),
(210, 0, 1, 18),
(211, 0, 1, 19),
(212, 0, 1, 20),
(213, 0, 1, 21),
(214, 0, 1, 22),
(215, 0, 1, 23),
(216, 0, 1, 24),
(217, 0, 1, 25),
(218, 0, 1, 26),
(219, 0, 1, 27),
(220, 0, 1, 28),
(221, 0, 1, 29),
(222, 0, 1, 30),
(223, 0, 1, 31),
(224, 0, 1, 32),
(225, 0, 1, 33),
(226, 0, 1, 34),
(227, 0, 1, 35),
(228, 0, 1, 36),
(229, 0, 1, 37),
(230, 0, 1, 38),
(231, 0, 1, 39),
(232, 0, 1, 40),
(233, 0, 1, 41),
(234, 0, 1, 42),
(235, 0, 1, 43),
(236, 0, 1, 44),
(237, 0, 1, 45),
(238, 0, 1, 46),
(239, 0, 1, 47),
(240, 0, 1, 48),
(241, 0, 1, 49),
(242, 0, 1, 50),
(243, 0, 1, 51),
(244, 0, 1, 52),
(245, 0, 1, 53),
(246, 0, 1, 54),
(247, 0, 1, 55),
(248, 0, 1, 56),
(249, 0, 1, 57),
(250, 0, 1, 58),
(251, 0, 1, 59),
(252, 0, 1, 60),
(253, 0, 1, 61),
(254, 0, 1, 62),
(255, 0, 1, 63),
(256, 0, 1, 64),
(257, 0, 2, 1),
(258, 0, 2, 2),
(259, 0, 2, 3),
(260, 0, 2, 4),
(261, 0, 2, 5),
(262, 0, 2, 6),
(263, 0, 2, 7),
(264, 0, 2, 8),
(265, 0, 2, 9),
(266, 0, 2, 10),
(267, 0, 2, 11),
(268, 0, 2, 12),
(269, 0, 2, 13),
(270, 0, 2, 14),
(271, 0, 2, 15),
(272, 0, 2, 16),
(273, 0, 2, 17),
(274, 0, 2, 18),
(275, 0, 2, 19),
(276, 0, 2, 20),
(277, 0, 2, 21),
(278, 0, 2, 22),
(279, 0, 2, 23),
(280, 0, 2, 24),
(281, 0, 2, 25),
(282, 0, 2, 26),
(283, 0, 2, 27),
(284, 0, 2, 28),
(285, 0, 2, 29),
(286, 0, 2, 30),
(287, 0, 2, 31),
(288, 0, 2, 32),
(289, 0, 2, 33),
(290, 0, 2, 34),
(291, 0, 2, 35),
(292, 0, 2, 36),
(293, 0, 2, 37),
(294, 0, 2, 38),
(295, 0, 2, 39),
(296, 0, 2, 40),
(297, 0, 2, 41),
(298, 0, 2, 42),
(299, 0, 2, 43),
(300, 0, 2, 44),
(301, 0, 2, 45),
(302, 0, 2, 46),
(303, 0, 2, 47),
(304, 0, 2, 48),
(305, 0, 2, 49),
(306, 0, 2, 50),
(307, 0, 2, 51),
(308, 0, 2, 52),
(309, 0, 2, 53),
(310, 0, 2, 54),
(311, 0, 2, 55),
(312, 0, 2, 56),
(313, 0, 2, 57),
(314, 0, 2, 58),
(315, 0, 2, 59),
(316, 0, 2, 60),
(317, 0, 2, 61),
(318, 0, 2, 62),
(319, 0, 2, 63),
(320, 0, 2, 64),
(513, 1, 3, 1),
(514, 0, 3, 2),
(515, 0, 3, 3),
(516, 0, 3, 4),
(517, 0, 3, 5),
(518, 0, 3, 6),
(519, 0, 3, 7),
(520, 0, 3, 8),
(521, 0, 3, 9),
(522, 0, 3, 10),
(523, 0, 3, 11),
(524, 0, 3, 12),
(525, 0, 3, 13),
(526, 0, 3, 14),
(527, 0, 3, 15),
(528, 0, 3, 16),
(529, 0, 3, 17),
(530, 0, 3, 18),
(531, 0, 3, 19),
(532, 0, 3, 20),
(533, 0, 3, 21),
(534, 0, 3, 22),
(535, 0, 3, 23),
(536, 0, 3, 24),
(537, 0, 3, 25),
(538, 0, 3, 26),
(539, 0, 3, 27),
(540, 0, 3, 28),
(541, 0, 3, 29),
(542, 0, 3, 30),
(543, 0, 3, 31),
(544, 0, 3, 32),
(545, 0, 3, 33),
(546, 0, 3, 34),
(547, 0, 3, 35),
(548, 0, 3, 36),
(549, 0, 3, 37),
(550, 0, 3, 38),
(551, 0, 3, 39),
(552, 0, 3, 40),
(553, 0, 3, 41),
(554, 0, 3, 42),
(555, 0, 3, 43),
(556, 0, 3, 44),
(557, 0, 3, 45),
(558, 0, 3, 46),
(559, 0, 3, 47),
(560, 0, 3, 48),
(561, 0, 3, 49),
(562, 0, 3, 50),
(563, 0, 3, 51),
(564, 0, 3, 52),
(565, 0, 3, 53),
(566, 0, 3, 54),
(567, 0, 3, 55),
(568, 0, 3, 56),
(569, 0, 3, 57),
(570, 0, 3, 58),
(571, 0, 3, 59),
(572, 0, 3, 60),
(573, 0, 3, 61),
(574, 0, 3, 62),
(575, 0, 3, 63),
(576, 0, 3, 64),
(577, 0, 4, 1),
(578, 0, 4, 2),
(579, 0, 4, 3),
(580, 0, 4, 4),
(581, 0, 4, 5),
(582, 0, 4, 6),
(583, 0, 4, 7),
(584, 0, 4, 8),
(585, 0, 4, 9),
(586, 0, 4, 10),
(587, 0, 4, 11),
(588, 0, 4, 12),
(589, 0, 4, 13),
(590, 0, 4, 14),
(591, 0, 4, 15),
(592, 0, 4, 16),
(593, 0, 4, 17),
(594, 0, 4, 18),
(595, 0, 4, 19),
(596, 0, 4, 20),
(597, 0, 4, 21),
(598, 0, 4, 22),
(599, 0, 4, 23),
(600, 0, 4, 24),
(601, 0, 4, 25),
(602, 0, 4, 26),
(603, 0, 4, 27),
(604, 0, 4, 28),
(605, 0, 4, 29),
(606, 0, 4, 30),
(607, 0, 4, 31),
(608, 0, 4, 32),
(609, 0, 4, 33),
(610, 0, 4, 34),
(611, 0, 4, 35),
(612, 0, 4, 36),
(613, 0, 4, 37),
(614, 0, 4, 38),
(615, 0, 4, 39),
(616, 0, 4, 40),
(617, 0, 4, 41),
(618, 0, 4, 42),
(619, 0, 4, 43),
(620, 0, 4, 44),
(621, 0, 4, 45),
(622, 0, 4, 46),
(623, 0, 4, 47),
(624, 0, 4, 48),
(625, 0, 4, 49),
(626, 0, 4, 50),
(627, 0, 4, 51),
(628, 0, 4, 52),
(629, 0, 4, 53),
(630, 0, 4, 54),
(631, 0, 4, 55),
(632, 0, 4, 56),
(633, 0, 4, 57),
(634, 0, 4, 58),
(635, 0, 4, 59),
(636, 0, 4, 60),
(637, 0, 4, 61),
(638, 0, 4, 62),
(639, 0, 4, 63),
(640, 0, 4, 64),
(641, 0, 5, 1),
(642, 0, 5, 2),
(643, 0, 5, 3),
(644, 0, 5, 4),
(645, 0, 5, 5),
(646, 0, 5, 6),
(647, 0, 5, 7),
(648, 0, 5, 8),
(649, 0, 5, 9),
(650, 0, 5, 10),
(651, 0, 5, 11),
(652, 0, 5, 12),
(653, 0, 5, 13),
(654, 0, 5, 14),
(655, 0, 5, 15),
(656, 0, 5, 16),
(657, 0, 5, 17),
(658, 0, 5, 18),
(659, 0, 5, 19),
(660, 0, 5, 20),
(661, 0, 5, 21),
(662, 0, 5, 22),
(663, 0, 5, 23),
(664, 0, 5, 24),
(665, 0, 5, 25),
(666, 0, 5, 26),
(667, 0, 5, 27),
(668, 0, 5, 28),
(669, 0, 5, 29),
(670, 0, 5, 30),
(671, 0, 5, 31),
(672, 0, 5, 32),
(673, 0, 5, 33),
(674, 0, 5, 34),
(675, 0, 5, 35),
(676, 0, 5, 36),
(677, 0, 5, 37),
(678, 0, 5, 38),
(679, 0, 5, 39),
(680, 0, 5, 40),
(681, 0, 5, 41),
(682, 0, 5, 42),
(683, 0, 5, 43),
(684, 0, 5, 44),
(685, 0, 5, 45),
(686, 0, 5, 46),
(687, 0, 5, 47),
(688, 0, 5, 48),
(689, 0, 5, 49),
(690, 0, 5, 50),
(691, 0, 5, 51),
(692, 0, 5, 52),
(693, 0, 5, 53),
(694, 0, 5, 54),
(695, 0, 5, 55),
(696, 0, 5, 56),
(697, 0, 5, 57),
(698, 0, 5, 58),
(699, 0, 5, 59),
(700, 0, 5, 60),
(701, 0, 5, 61),
(702, 0, 5, 62),
(703, 0, 5, 63),
(704, 0, 5, 64),
(705, 0, 6, 1),
(706, 0, 6, 2),
(707, 0, 6, 3),
(708, 0, 6, 4),
(709, 0, 6, 5),
(710, 0, 6, 6),
(711, 0, 6, 7),
(712, 0, 6, 8),
(713, 0, 6, 9),
(714, 0, 6, 10),
(715, 0, 6, 11),
(716, 0, 6, 12),
(717, 0, 6, 13),
(718, 0, 6, 14),
(719, 0, 6, 15),
(720, 0, 6, 16),
(721, 0, 6, 17),
(722, 0, 6, 18),
(723, 0, 6, 19),
(724, 0, 6, 20),
(725, 0, 6, 21),
(726, 0, 6, 22),
(727, 0, 6, 23),
(728, 0, 6, 24),
(729, 0, 6, 25),
(730, 0, 6, 26),
(731, 0, 6, 27),
(732, 0, 6, 28),
(733, 0, 6, 29),
(734, 0, 6, 30),
(735, 0, 6, 31),
(736, 0, 6, 32),
(737, 0, 6, 33),
(738, 0, 6, 34),
(739, 0, 6, 35),
(740, 0, 6, 36),
(741, 0, 6, 37),
(742, 0, 6, 38),
(743, 0, 6, 39),
(744, 0, 6, 40),
(745, 0, 6, 41),
(746, 0, 6, 42),
(747, 0, 6, 43),
(748, 0, 6, 44),
(749, 0, 6, 45),
(750, 0, 6, 46),
(751, 0, 6, 47),
(752, 0, 6, 48),
(753, 0, 6, 49),
(754, 0, 6, 50),
(755, 0, 6, 51),
(756, 0, 6, 52),
(757, 0, 6, 53),
(758, 0, 6, 54),
(759, 0, 6, 55),
(760, 0, 6, 56),
(761, 0, 6, 57),
(762, 0, 6, 58),
(763, 0, 6, 59),
(764, 0, 6, 60),
(765, 0, 6, 61),
(766, 0, 6, 62),
(767, 0, 6, 63),
(768, 0, 6, 64),
(769, 0, 7, 1),
(770, 0, 7, 2),
(771, 0, 7, 3),
(772, 0, 7, 4),
(773, 0, 7, 5),
(774, 0, 7, 6),
(775, 0, 7, 7),
(776, 0, 7, 8),
(777, 0, 7, 9),
(778, 0, 7, 10),
(779, 0, 7, 11),
(780, 0, 7, 12),
(781, 0, 7, 13),
(782, 0, 7, 14),
(783, 0, 7, 15),
(784, 0, 7, 16),
(785, 0, 7, 17),
(786, 0, 7, 18),
(787, 0, 7, 19),
(788, 0, 7, 20),
(789, 0, 7, 21),
(790, 0, 7, 22),
(791, 0, 7, 23),
(792, 0, 7, 24),
(793, 0, 7, 25),
(794, 0, 7, 26),
(795, 0, 7, 27),
(796, 0, 7, 28),
(797, 0, 7, 29),
(798, 0, 7, 30),
(799, 0, 7, 31),
(800, 0, 7, 32),
(801, 0, 7, 33),
(802, 0, 7, 34),
(803, 0, 7, 35),
(804, 0, 7, 36),
(805, 0, 7, 37),
(806, 0, 7, 38),
(807, 0, 7, 39),
(808, 0, 7, 40),
(809, 0, 7, 41),
(810, 0, 7, 42),
(811, 0, 7, 43),
(812, 0, 7, 44),
(813, 0, 7, 45),
(814, 0, 7, 46),
(815, 0, 7, 47),
(816, 0, 7, 48),
(817, 0, 7, 49),
(818, 0, 7, 50),
(819, 0, 7, 51),
(820, 0, 7, 52),
(821, 0, 7, 53),
(822, 0, 7, 54),
(823, 0, 7, 55),
(824, 0, 7, 56),
(825, 0, 7, 57),
(826, 0, 7, 58),
(827, 0, 7, 59),
(828, 0, 7, 60),
(829, 0, 7, 61),
(830, 0, 7, 62),
(831, 0, 7, 63),
(832, 0, 7, 64),
(833, 0, 8, 1),
(834, 0, 8, 2),
(835, 0, 8, 3),
(836, 0, 8, 4),
(837, 0, 8, 5),
(838, 0, 8, 6),
(839, 0, 8, 7),
(840, 0, 8, 8),
(841, 0, 8, 9),
(842, 0, 8, 10),
(843, 0, 8, 11),
(844, 0, 8, 12),
(845, 0, 8, 13),
(846, 0, 8, 14),
(847, 0, 8, 15),
(848, 0, 8, 16),
(849, 0, 8, 17),
(850, 0, 8, 18),
(851, 0, 8, 19),
(852, 0, 8, 20),
(853, 0, 8, 21),
(854, 0, 8, 22),
(855, 0, 8, 23),
(856, 0, 8, 24),
(857, 0, 8, 25),
(858, 0, 8, 26),
(859, 0, 8, 27),
(860, 0, 8, 28),
(861, 0, 8, 29),
(862, 0, 8, 30),
(863, 0, 8, 31),
(864, 0, 8, 32),
(865, 0, 8, 33),
(866, 0, 8, 34),
(867, 0, 8, 35),
(868, 0, 8, 36),
(869, 0, 8, 37),
(870, 0, 8, 38),
(871, 0, 8, 39),
(872, 0, 8, 40),
(873, 0, 8, 41),
(874, 0, 8, 42),
(875, 0, 8, 43),
(876, 0, 8, 44),
(877, 0, 8, 45),
(878, 0, 8, 46),
(879, 0, 8, 47),
(880, 0, 8, 48),
(881, 0, 8, 49),
(882, 0, 8, 50),
(883, 0, 8, 51),
(884, 0, 8, 52),
(885, 0, 8, 53),
(886, 0, 8, 54),
(887, 0, 8, 55),
(888, 0, 8, 56),
(889, 0, 8, 57),
(890, 0, 8, 58),
(891, 0, 8, 59),
(892, 0, 8, 60),
(893, 0, 8, 61),
(894, 0, 8, 62),
(895, 0, 8, 63),
(896, 0, 8, 64),
(897, 0, 9, 1),
(898, 0, 9, 2),
(899, 0, 9, 3),
(900, 0, 9, 4),
(901, 0, 9, 5),
(902, 0, 9, 6),
(903, 0, 9, 7),
(904, 0, 9, 8),
(905, 0, 9, 9),
(906, 0, 9, 10),
(907, 0, 9, 11),
(908, 0, 9, 12),
(909, 0, 9, 13),
(910, 0, 9, 14),
(911, 0, 9, 15),
(912, 0, 9, 16),
(913, 0, 9, 17),
(914, 0, 9, 18),
(915, 0, 9, 19),
(916, 0, 9, 20),
(917, 0, 9, 21),
(918, 0, 9, 22),
(919, 0, 9, 23),
(920, 0, 9, 24),
(921, 0, 9, 25),
(922, 0, 9, 26),
(923, 0, 9, 27),
(924, 0, 9, 28),
(925, 0, 9, 29),
(926, 0, 9, 30),
(927, 0, 9, 31),
(928, 0, 9, 32),
(929, 0, 9, 33),
(930, 0, 9, 34),
(931, 0, 9, 35),
(932, 0, 9, 36),
(933, 0, 9, 37),
(934, 0, 9, 38),
(935, 0, 9, 39),
(936, 0, 9, 40),
(937, 0, 9, 41),
(938, 0, 9, 42),
(939, 0, 9, 43),
(940, 0, 9, 44),
(941, 0, 9, 45),
(942, 0, 9, 46),
(943, 0, 9, 47),
(944, 0, 9, 48),
(945, 0, 9, 49),
(946, 0, 9, 50),
(947, 0, 9, 51),
(948, 0, 9, 52),
(949, 0, 9, 53),
(950, 0, 9, 54),
(951, 0, 9, 55),
(952, 0, 9, 56),
(953, 0, 9, 57),
(954, 0, 9, 58),
(955, 0, 9, 59),
(956, 0, 9, 60),
(957, 0, 9, 61),
(958, 0, 9, 62),
(959, 0, 9, 63),
(960, 0, 9, 64),
(961, 0, 10, 1),
(962, 0, 10, 2),
(963, 0, 10, 3),
(964, 0, 10, 4),
(965, 0, 10, 5),
(966, 0, 10, 6),
(967, 0, 10, 7),
(968, 0, 10, 8),
(969, 0, 10, 9),
(970, 0, 10, 10),
(971, 0, 10, 11),
(972, 0, 10, 12),
(973, 0, 10, 13),
(974, 0, 10, 14),
(975, 0, 10, 15),
(976, 0, 10, 16),
(977, 0, 10, 17),
(978, 0, 10, 18),
(979, 0, 10, 19),
(980, 0, 10, 20),
(981, 0, 10, 21),
(982, 0, 10, 22),
(983, 0, 10, 23),
(984, 0, 10, 24),
(985, 0, 10, 25),
(986, 0, 10, 26),
(987, 0, 10, 27),
(988, 0, 10, 28),
(989, 0, 10, 29),
(990, 0, 10, 30),
(991, 0, 10, 31),
(992, 0, 10, 32),
(993, 0, 10, 33),
(994, 0, 10, 34),
(995, 0, 10, 35),
(996, 0, 10, 36),
(997, 0, 10, 37),
(998, 0, 10, 38),
(999, 0, 10, 39),
(1000, 0, 10, 40),
(1001, 0, 10, 41),
(1002, 0, 10, 42),
(1003, 0, 10, 43),
(1004, 0, 10, 44),
(1005, 0, 10, 45),
(1006, 0, 10, 46),
(1007, 0, 10, 47),
(1008, 0, 10, 48),
(1009, 0, 10, 49),
(1010, 0, 10, 50),
(1011, 0, 10, 51),
(1012, 0, 10, 52),
(1013, 0, 10, 53),
(1014, 0, 10, 54),
(1015, 0, 10, 55),
(1016, 0, 10, 56),
(1017, 0, 10, 57),
(1018, 0, 10, 58),
(1019, 0, 10, 59),
(1020, 0, 10, 60),
(1021, 0, 10, 61),
(1022, 0, 10, 62),
(1023, 0, 10, 63),
(1024, 0, 10, 64),
(1025, 0, 11, 1),
(1026, 0, 11, 2),
(1027, 0, 11, 3),
(1028, 0, 11, 4),
(1029, 0, 11, 5),
(1030, 0, 11, 6),
(1031, 0, 11, 7),
(1032, 0, 11, 8),
(1033, 0, 11, 9),
(1034, 0, 11, 10),
(1035, 0, 11, 11),
(1036, 0, 11, 12),
(1037, 0, 11, 13),
(1038, 0, 11, 14),
(1039, 0, 11, 15),
(1040, 0, 11, 16),
(1041, 0, 11, 17),
(1042, 0, 11, 18),
(1043, 0, 11, 19),
(1044, 0, 11, 20),
(1045, 0, 11, 21),
(1046, 0, 11, 22),
(1047, 0, 11, 23),
(1048, 0, 11, 24),
(1049, 0, 11, 25),
(1050, 0, 11, 26),
(1051, 0, 11, 27),
(1052, 0, 11, 28),
(1053, 0, 11, 29),
(1054, 0, 11, 30),
(1055, 0, 11, 31),
(1056, 0, 11, 32),
(1057, 0, 11, 33),
(1058, 0, 11, 34),
(1059, 0, 11, 35),
(1060, 0, 11, 36),
(1061, 0, 11, 37),
(1062, 0, 11, 38),
(1063, 0, 11, 39),
(1064, 0, 11, 40),
(1065, 0, 11, 41),
(1066, 0, 11, 42),
(1067, 0, 11, 43),
(1068, 0, 11, 44),
(1069, 0, 11, 45),
(1070, 0, 11, 46),
(1071, 0, 11, 47),
(1072, 0, 11, 48),
(1073, 0, 11, 49),
(1074, 0, 11, 50),
(1075, 0, 11, 51),
(1076, 0, 11, 52),
(1077, 0, 11, 53),
(1078, 0, 11, 54),
(1079, 0, 11, 55),
(1080, 0, 11, 56),
(1081, 0, 11, 57),
(1082, 0, 11, 58),
(1083, 0, 11, 59),
(1084, 0, 11, 60),
(1085, 0, 11, 61),
(1086, 0, 11, 62),
(1087, 0, 11, 63),
(1088, 0, 11, 64),
(1089, 1, 12, 1),
(1090, 1, 12, 2),
(1091, 3, 12, 3),
(1092, 3, 12, 4),
(1093, 1, 12, 5),
(1094, 2, 12, 6),
(1095, 1, 12, 7),
(1096, 1, 12, 8),
(1097, 3, 12, 9),
(1098, 3, 12, 10),
(1099, 1, 12, 11),
(1100, 1, 12, 12),
(1101, 2, 12, 13),
(1102, 1, 12, 14),
(1103, 2, 12, 15),
(1104, 1, 12, 16),
(1105, 1, 12, 17),
(1106, 1, 12, 18),
(1107, 3, 12, 19),
(1108, 2, 12, 20),
(1109, 3, 12, 21),
(1110, 1, 12, 22),
(1111, 3, 12, 23),
(1112, 1, 12, 24),
(1113, 1, 12, 25),
(1114, 2, 12, 26),
(1115, 2, 12, 27),
(1116, 1, 12, 28),
(1117, 2, 12, 29),
(1118, 1, 12, 30),
(1119, 2, 12, 31),
(1120, 2, 12, 32),
(1121, 3, 12, 33),
(1122, 2, 12, 34),
(1123, 3, 12, 35),
(1124, 1, 12, 36),
(1125, 2, 12, 37),
(1126, 2, 12, 38),
(1127, 2, 12, 39),
(1128, 1, 12, 40),
(1129, 2, 12, 41),
(1130, 1, 12, 42),
(1131, 2, 12, 43),
(1132, 2, 12, 44),
(1133, 2, 12, 45),
(1134, 2, 12, 46),
(1135, 2, 12, 47),
(1136, 2, 12, 48),
(1137, 0, 12, 49),
(1138, 0, 12, 50),
(1139, 0, 12, 51),
(1140, 0, 12, 52),
(1141, 0, 12, 53),
(1142, 0, 12, 54),
(1143, 0, 12, 55),
(1144, 0, 12, 56),
(1145, 0, 12, 57),
(1146, 0, 12, 58),
(1147, 0, 12, 59),
(1148, 0, 12, 60),
(1149, 0, 12, 61),
(1150, 0, 12, 62),
(1151, 0, 12, 63),
(1152, 0, 12, 64),
(1153, 0, 13, 1),
(1154, 0, 13, 2),
(1155, 0, 13, 3),
(1156, 0, 13, 4),
(1157, 0, 13, 5),
(1158, 0, 13, 6),
(1159, 0, 13, 7),
(1160, 0, 13, 8),
(1161, 0, 13, 9),
(1162, 0, 13, 10),
(1163, 0, 13, 11),
(1164, 0, 13, 12),
(1165, 0, 13, 13),
(1166, 0, 13, 14),
(1167, 0, 13, 15),
(1168, 0, 13, 16),
(1169, 0, 13, 17),
(1170, 0, 13, 18),
(1171, 0, 13, 19),
(1172, 0, 13, 20),
(1173, 0, 13, 21),
(1174, 0, 13, 22),
(1175, 0, 13, 23),
(1176, 0, 13, 24),
(1177, 0, 13, 25),
(1178, 0, 13, 26),
(1179, 0, 13, 27),
(1180, 0, 13, 28),
(1181, 0, 13, 29),
(1182, 0, 13, 30),
(1183, 0, 13, 31),
(1184, 0, 13, 32),
(1185, 0, 13, 33),
(1186, 0, 13, 34),
(1187, 0, 13, 35),
(1188, 0, 13, 36),
(1189, 0, 13, 37),
(1190, 0, 13, 38),
(1191, 0, 13, 39),
(1192, 0, 13, 40),
(1193, 0, 13, 41),
(1194, 0, 13, 42),
(1195, 0, 13, 43),
(1196, 0, 13, 44),
(1197, 0, 13, 45),
(1198, 0, 13, 46),
(1199, 0, 13, 47),
(1200, 0, 13, 48),
(1201, 0, 13, 49),
(1202, 0, 13, 50),
(1203, 0, 13, 51),
(1204, 0, 13, 52),
(1205, 0, 13, 53),
(1206, 0, 13, 54),
(1207, 0, 13, 55),
(1208, 0, 13, 56),
(1209, 0, 13, 57),
(1210, 0, 13, 58),
(1211, 0, 13, 59),
(1212, 0, 13, 60),
(1213, 0, 13, 61),
(1214, 0, 13, 62),
(1215, 0, 13, 63),
(1216, 0, 13, 64),
(1217, 0, 14, 1),
(1218, 0, 14, 2),
(1219, 0, 14, 3),
(1220, 0, 14, 4),
(1221, 0, 14, 5),
(1222, 0, 14, 6),
(1223, 0, 14, 7),
(1224, 0, 14, 8),
(1225, 0, 14, 9),
(1226, 0, 14, 10),
(1227, 0, 14, 11),
(1228, 0, 14, 12),
(1229, 0, 14, 13),
(1230, 0, 14, 14),
(1231, 0, 14, 15),
(1232, 0, 14, 16),
(1233, 0, 14, 17),
(1234, 0, 14, 18),
(1235, 0, 14, 19),
(1236, 0, 14, 20),
(1237, 0, 14, 21),
(1238, 0, 14, 22),
(1239, 0, 14, 23),
(1240, 0, 14, 24),
(1241, 0, 14, 25),
(1242, 0, 14, 26),
(1243, 0, 14, 27),
(1244, 0, 14, 28),
(1245, 0, 14, 29),
(1246, 0, 14, 30),
(1247, 0, 14, 31),
(1248, 0, 14, 32),
(1249, 0, 14, 33),
(1250, 0, 14, 34),
(1251, 0, 14, 35),
(1252, 0, 14, 36),
(1253, 0, 14, 37),
(1254, 0, 14, 38),
(1255, 0, 14, 39),
(1256, 0, 14, 40),
(1257, 0, 14, 41),
(1258, 0, 14, 42),
(1259, 0, 14, 43),
(1260, 0, 14, 44),
(1261, 0, 14, 45),
(1262, 0, 14, 46),
(1263, 0, 14, 47),
(1264, 0, 14, 48),
(1265, 0, 14, 49),
(1266, 0, 14, 50),
(1267, 0, 14, 51),
(1268, 0, 14, 52),
(1269, 0, 14, 53),
(1270, 0, 14, 54),
(1271, 0, 14, 55),
(1272, 0, 14, 56),
(1273, 0, 14, 57),
(1274, 0, 14, 58),
(1275, 0, 14, 59),
(1276, 0, 14, 60),
(1277, 0, 14, 61),
(1278, 0, 14, 62),
(1279, 0, 14, 63),
(1280, 0, 14, 64),
(1281, 0, 15, 1),
(1282, 0, 15, 2),
(1283, 0, 15, 3),
(1284, 0, 15, 4),
(1285, 0, 15, 5),
(1286, 0, 15, 6),
(1287, 0, 15, 7),
(1288, 0, 15, 8),
(1289, 0, 15, 9),
(1290, 0, 15, 10),
(1291, 0, 15, 11),
(1292, 0, 15, 12),
(1293, 0, 15, 13),
(1294, 0, 15, 14),
(1295, 0, 15, 15),
(1296, 0, 15, 16),
(1297, 0, 15, 17),
(1298, 0, 15, 18),
(1299, 0, 15, 19),
(1300, 0, 15, 20),
(1301, 0, 15, 21),
(1302, 0, 15, 22),
(1303, 0, 15, 23),
(1304, 0, 15, 24),
(1305, 0, 15, 25),
(1306, 0, 15, 26),
(1307, 0, 15, 27),
(1308, 0, 15, 28),
(1309, 0, 15, 29),
(1310, 0, 15, 30),
(1311, 0, 15, 31),
(1312, 0, 15, 32),
(1313, 0, 15, 33),
(1314, 0, 15, 34),
(1315, 0, 15, 35),
(1316, 0, 15, 36),
(1317, 0, 15, 37),
(1318, 0, 15, 38),
(1319, 0, 15, 39),
(1320, 0, 15, 40),
(1321, 0, 15, 41),
(1322, 0, 15, 42),
(1323, 0, 15, 43),
(1324, 0, 15, 44),
(1325, 0, 15, 45),
(1326, 0, 15, 46),
(1327, 0, 15, 47),
(1328, 0, 15, 48),
(1329, 0, 15, 49),
(1330, 0, 15, 50),
(1331, 0, 15, 51),
(1332, 0, 15, 52),
(1333, 0, 15, 53),
(1334, 0, 15, 54),
(1335, 0, 15, 55),
(1336, 0, 15, 56),
(1337, 0, 15, 57),
(1338, 0, 15, 58),
(1339, 0, 15, 59),
(1340, 0, 15, 60),
(1341, 0, 15, 61),
(1342, 0, 15, 62),
(1343, 0, 15, 63),
(1344, 0, 15, 64),
(1345, 0, 16, 1),
(1346, 0, 16, 2),
(1347, 0, 16, 3),
(1348, 0, 16, 4),
(1349, 0, 16, 5),
(1350, 0, 16, 6),
(1351, 0, 16, 7),
(1352, 0, 16, 8),
(1353, 0, 16, 9),
(1354, 0, 16, 10),
(1355, 0, 16, 11),
(1356, 0, 16, 12),
(1357, 0, 16, 13),
(1358, 0, 16, 14),
(1359, 0, 16, 15),
(1360, 0, 16, 16),
(1361, 0, 16, 17),
(1362, 0, 16, 18),
(1363, 0, 16, 19),
(1364, 0, 16, 20),
(1365, 0, 16, 21),
(1366, 0, 16, 22),
(1367, 0, 16, 23),
(1368, 0, 16, 24),
(1369, 0, 16, 25),
(1370, 0, 16, 26),
(1371, 0, 16, 27),
(1372, 0, 16, 28),
(1373, 0, 16, 29),
(1374, 0, 16, 30),
(1375, 0, 16, 31),
(1376, 0, 16, 32),
(1377, 0, 16, 33),
(1378, 0, 16, 34),
(1379, 0, 16, 35),
(1380, 0, 16, 36),
(1381, 0, 16, 37),
(1382, 0, 16, 38),
(1383, 0, 16, 39),
(1384, 0, 16, 40),
(1385, 0, 16, 41),
(1386, 0, 16, 42),
(1387, 0, 16, 43),
(1388, 0, 16, 44),
(1389, 0, 16, 45),
(1390, 0, 16, 46),
(1391, 0, 16, 47),
(1392, 0, 16, 48),
(1393, 0, 16, 49),
(1394, 0, 16, 50),
(1395, 0, 16, 51),
(1396, 0, 16, 52),
(1397, 0, 16, 53),
(1398, 0, 16, 54),
(1399, 0, 16, 55),
(1400, 0, 16, 56),
(1401, 0, 16, 57),
(1402, 0, 16, 58),
(1403, 0, 16, 59),
(1404, 0, 16, 60),
(1405, 0, 16, 61),
(1406, 0, 16, 62),
(1407, 0, 16, 63),
(1408, 0, 16, 64),
(1409, 0, 17, 1),
(1410, 0, 17, 2),
(1411, 0, 17, 3),
(1412, 0, 17, 4),
(1413, 0, 17, 5),
(1414, 0, 17, 6),
(1415, 0, 17, 7),
(1416, 0, 17, 8),
(1417, 0, 17, 9),
(1418, 0, 17, 10),
(1419, 0, 17, 11),
(1420, 0, 17, 12),
(1421, 0, 17, 13),
(1422, 0, 17, 14),
(1423, 0, 17, 15),
(1424, 0, 17, 16),
(1425, 0, 17, 17),
(1426, 0, 17, 18),
(1427, 0, 17, 19),
(1428, 0, 17, 20),
(1429, 0, 17, 21),
(1430, 0, 17, 22),
(1431, 0, 17, 23),
(1432, 0, 17, 24),
(1433, 0, 17, 25),
(1434, 0, 17, 26),
(1435, 0, 17, 27),
(1436, 0, 17, 28),
(1437, 0, 17, 29),
(1438, 0, 17, 30),
(1439, 0, 17, 31),
(1440, 0, 17, 32),
(1441, 0, 17, 33),
(1442, 0, 17, 34),
(1443, 0, 17, 35),
(1444, 0, 17, 36),
(1445, 0, 17, 37),
(1446, 0, 17, 38),
(1447, 0, 17, 39),
(1448, 0, 17, 40),
(1449, 0, 17, 41),
(1450, 0, 17, 42),
(1451, 0, 17, 43),
(1452, 0, 17, 44),
(1453, 0, 17, 45),
(1454, 0, 17, 46),
(1455, 0, 17, 47),
(1456, 0, 17, 48),
(1457, 0, 17, 49),
(1458, 0, 17, 50),
(1459, 0, 17, 51),
(1460, 0, 17, 52),
(1461, 0, 17, 53),
(1462, 0, 17, 54),
(1463, 0, 17, 55),
(1464, 0, 17, 56),
(1465, 0, 17, 57),
(1466, 0, 17, 58),
(1467, 0, 17, 59),
(1468, 0, 17, 60),
(1469, 0, 17, 61),
(1470, 0, 17, 62),
(1471, 0, 17, 63),
(1472, 0, 17, 64),
(1473, 0, 18, 1),
(1474, 0, 18, 2),
(1475, 0, 18, 3),
(1476, 0, 18, 4),
(1477, 0, 18, 5),
(1478, 0, 18, 6),
(1479, 0, 18, 7),
(1480, 0, 18, 8),
(1481, 0, 18, 9),
(1482, 0, 18, 10),
(1483, 0, 18, 11),
(1484, 0, 18, 12),
(1485, 0, 18, 13),
(1486, 0, 18, 14),
(1487, 0, 18, 15),
(1488, 0, 18, 16),
(1489, 0, 18, 17),
(1490, 0, 18, 18),
(1491, 0, 18, 19),
(1492, 0, 18, 20),
(1493, 0, 18, 21),
(1494, 0, 18, 22),
(1495, 0, 18, 23),
(1496, 0, 18, 24),
(1497, 0, 18, 25),
(1498, 0, 18, 26),
(1499, 0, 18, 27),
(1500, 0, 18, 28),
(1501, 0, 18, 29),
(1502, 0, 18, 30),
(1503, 0, 18, 31),
(1504, 0, 18, 32),
(1505, 0, 18, 33),
(1506, 0, 18, 34),
(1507, 0, 18, 35),
(1508, 0, 18, 36),
(1509, 0, 18, 37),
(1510, 0, 18, 38),
(1511, 0, 18, 39),
(1512, 0, 18, 40),
(1513, 0, 18, 41),
(1514, 0, 18, 42),
(1515, 0, 18, 43),
(1516, 0, 18, 44),
(1517, 0, 18, 45),
(1518, 0, 18, 46),
(1519, 0, 18, 47),
(1520, 0, 18, 48),
(1521, 0, 18, 49),
(1522, 0, 18, 50),
(1523, 0, 18, 51),
(1524, 0, 18, 52),
(1525, 0, 18, 53),
(1526, 0, 18, 54),
(1527, 0, 18, 55),
(1528, 0, 18, 56),
(1529, 0, 18, 57),
(1530, 0, 18, 58),
(1531, 0, 18, 59),
(1532, 0, 18, 60),
(1533, 0, 18, 61),
(1534, 0, 18, 62),
(1535, 0, 18, 63),
(1536, 0, 18, 64),
(1537, 0, 19, 1),
(1538, 0, 19, 2),
(1539, 0, 19, 3),
(1540, 0, 19, 4),
(1541, 0, 19, 5),
(1542, 0, 19, 6),
(1543, 0, 19, 7),
(1544, 0, 19, 8),
(1545, 0, 19, 9),
(1546, 0, 19, 10),
(1547, 0, 19, 11),
(1548, 0, 19, 12),
(1549, 0, 19, 13),
(1550, 0, 19, 14),
(1551, 0, 19, 15),
(1552, 0, 19, 16),
(1553, 0, 19, 17),
(1554, 0, 19, 18),
(1555, 0, 19, 19),
(1556, 0, 19, 20),
(1557, 0, 19, 21),
(1558, 0, 19, 22),
(1559, 0, 19, 23),
(1560, 0, 19, 24),
(1561, 0, 19, 25),
(1562, 0, 19, 26),
(1563, 0, 19, 27),
(1564, 0, 19, 28),
(1565, 0, 19, 29),
(1566, 0, 19, 30),
(1567, 0, 19, 31),
(1568, 0, 19, 32),
(1569, 0, 19, 33),
(1570, 0, 19, 34),
(1571, 0, 19, 35),
(1572, 0, 19, 36),
(1573, 0, 19, 37),
(1574, 0, 19, 38),
(1575, 0, 19, 39),
(1576, 0, 19, 40),
(1577, 0, 19, 41),
(1578, 0, 19, 42),
(1579, 0, 19, 43),
(1580, 0, 19, 44),
(1581, 0, 19, 45),
(1582, 0, 19, 46),
(1583, 0, 19, 47),
(1584, 0, 19, 48),
(1585, 0, 19, 49),
(1586, 0, 19, 50),
(1587, 0, 19, 51),
(1588, 0, 19, 52),
(1589, 0, 19, 53),
(1590, 0, 19, 54),
(1591, 0, 19, 55),
(1592, 0, 19, 56),
(1593, 0, 19, 57),
(1594, 0, 19, 58),
(1595, 0, 19, 59),
(1596, 0, 19, 60),
(1597, 0, 19, 61),
(1598, 0, 19, 62),
(1599, 0, 19, 63),
(1600, 0, 19, 64),
(1601, 0, 20, 1),
(1602, 0, 20, 2),
(1603, 0, 20, 3),
(1604, 0, 20, 4),
(1605, 0, 20, 5),
(1606, 0, 20, 6),
(1607, 0, 20, 7),
(1608, 0, 20, 8),
(1609, 0, 20, 9),
(1610, 0, 20, 10),
(1611, 0, 20, 11),
(1612, 0, 20, 12),
(1613, 0, 20, 13),
(1614, 0, 20, 14),
(1615, 0, 20, 15),
(1616, 0, 20, 16),
(1617, 0, 20, 17),
(1618, 0, 20, 18),
(1619, 0, 20, 19),
(1620, 0, 20, 20),
(1621, 0, 20, 21),
(1622, 0, 20, 22),
(1623, 0, 20, 23),
(1624, 0, 20, 24),
(1625, 0, 20, 25),
(1626, 0, 20, 26),
(1627, 0, 20, 27),
(1628, 0, 20, 28),
(1629, 0, 20, 29),
(1630, 0, 20, 30),
(1631, 0, 20, 31),
(1632, 0, 20, 32),
(1633, 0, 20, 33),
(1634, 0, 20, 34),
(1635, 0, 20, 35),
(1636, 0, 20, 36),
(1637, 0, 20, 37),
(1638, 0, 20, 38),
(1639, 0, 20, 39),
(1640, 0, 20, 40),
(1641, 0, 20, 41),
(1642, 0, 20, 42),
(1643, 0, 20, 43),
(1644, 0, 20, 44),
(1645, 0, 20, 45),
(1646, 0, 20, 46),
(1647, 0, 20, 47),
(1648, 0, 20, 48),
(1649, 0, 20, 49),
(1650, 0, 20, 50),
(1651, 0, 20, 51),
(1652, 0, 20, 52),
(1653, 0, 20, 53),
(1654, 0, 20, 54),
(1655, 0, 20, 55),
(1656, 0, 20, 56),
(1657, 0, 20, 57),
(1658, 0, 20, 58),
(1659, 0, 20, 59),
(1660, 0, 20, 60),
(1661, 0, 20, 61),
(1662, 0, 20, 62),
(1663, 0, 20, 63),
(1664, 0, 20, 64),
(1665, 0, 21, 1),
(1666, 0, 21, 2),
(1667, 0, 21, 3),
(1668, 0, 21, 4),
(1669, 0, 21, 5),
(1670, 0, 21, 6),
(1671, 0, 21, 7),
(1672, 0, 21, 8),
(1673, 0, 21, 9),
(1674, 0, 21, 10),
(1675, 0, 21, 11),
(1676, 0, 21, 12),
(1677, 0, 21, 13),
(1678, 0, 21, 14),
(1679, 0, 21, 15),
(1680, 0, 21, 16),
(1681, 0, 21, 17),
(1682, 0, 21, 18),
(1683, 0, 21, 19),
(1684, 0, 21, 20),
(1685, 0, 21, 21),
(1686, 0, 21, 22),
(1687, 0, 21, 23),
(1688, 0, 21, 24),
(1689, 0, 21, 25),
(1690, 0, 21, 26),
(1691, 0, 21, 27),
(1692, 0, 21, 28),
(1693, 0, 21, 29),
(1694, 0, 21, 30),
(1695, 0, 21, 31),
(1696, 0, 21, 32),
(1697, 0, 21, 33),
(1698, 0, 21, 34),
(1699, 0, 21, 35),
(1700, 0, 21, 36),
(1701, 0, 21, 37),
(1702, 0, 21, 38),
(1703, 0, 21, 39),
(1704, 0, 21, 40),
(1705, 0, 21, 41),
(1706, 0, 21, 42),
(1707, 0, 21, 43),
(1708, 0, 21, 44),
(1709, 0, 21, 45),
(1710, 0, 21, 46),
(1711, 0, 21, 47),
(1712, 0, 21, 48),
(1713, 0, 21, 49),
(1714, 0, 21, 50),
(1715, 0, 21, 51),
(1716, 0, 21, 52),
(1717, 0, 21, 53),
(1718, 0, 21, 54),
(1719, 0, 21, 55),
(1720, 0, 21, 56),
(1721, 0, 21, 57),
(1722, 0, 21, 58),
(1723, 0, 21, 59),
(1724, 0, 21, 60),
(1725, 0, 21, 61),
(1726, 0, 21, 62),
(1727, 0, 21, 63),
(1728, 0, 21, 64),
(1729, 0, 22, 1),
(1730, 0, 22, 2),
(1731, 0, 22, 3),
(1732, 0, 22, 4),
(1733, 0, 22, 5),
(1734, 0, 22, 6),
(1735, 0, 22, 7),
(1736, 0, 22, 8),
(1737, 0, 22, 9),
(1738, 0, 22, 10),
(1739, 0, 22, 11),
(1740, 0, 22, 12),
(1741, 0, 22, 13),
(1742, 0, 22, 14),
(1743, 0, 22, 15),
(1744, 0, 22, 16),
(1745, 0, 22, 17),
(1746, 0, 22, 18),
(1747, 0, 22, 19),
(1748, 0, 22, 20),
(1749, 0, 22, 21),
(1750, 0, 22, 22),
(1751, 0, 22, 23),
(1752, 0, 22, 24),
(1753, 0, 22, 25),
(1754, 0, 22, 26),
(1755, 0, 22, 27),
(1756, 0, 22, 28),
(1757, 0, 22, 29),
(1758, 0, 22, 30),
(1759, 0, 22, 31),
(1760, 0, 22, 32),
(1761, 0, 22, 33),
(1762, 0, 22, 34),
(1763, 0, 22, 35),
(1764, 0, 22, 36),
(1765, 0, 22, 37),
(1766, 0, 22, 38),
(1767, 0, 22, 39),
(1768, 0, 22, 40),
(1769, 0, 22, 41),
(1770, 0, 22, 42),
(1771, 0, 22, 43),
(1772, 0, 22, 44),
(1773, 0, 22, 45),
(1774, 0, 22, 46),
(1775, 0, 22, 47),
(1776, 0, 22, 48),
(1777, 0, 22, 49),
(1778, 0, 22, 50),
(1779, 0, 22, 51),
(1780, 0, 22, 52),
(1781, 0, 22, 53),
(1782, 0, 22, 54),
(1783, 0, 22, 55),
(1784, 0, 22, 56),
(1785, 0, 22, 57),
(1786, 0, 22, 58),
(1787, 0, 22, 59),
(1788, 0, 22, 60),
(1789, 0, 22, 61),
(1790, 0, 22, 62),
(1791, 0, 22, 63),
(1792, 0, 22, 64),
(1793, 1, 23, 1),
(1794, 1, 23, 2),
(1795, 1, 23, 3),
(1796, 3, 23, 4),
(1797, 3, 23, 5),
(1798, 2, 23, 6),
(1799, 1, 23, 7),
(1800, 1, 23, 8),
(1801, 2, 23, 9),
(1802, 1, 23, 10),
(1803, 1, 23, 11),
(1804, 1, 23, 12),
(1805, 3, 23, 13),
(1806, 1, 23, 14),
(1807, 2, 23, 15),
(1808, 1, 23, 16),
(1809, 1, 23, 17),
(1810, 1, 23, 18),
(1811, 2, 23, 19),
(1812, 2, 23, 20),
(1813, 1, 23, 21),
(1814, 1, 23, 22),
(1815, 1, 23, 23),
(1816, 2, 23, 24),
(1817, 1, 23, 25),
(1818, 3, 23, 26),
(1819, 3, 23, 27),
(1820, 1, 23, 28),
(1821, 2, 23, 29),
(1822, 1, 23, 30),
(1823, 2, 23, 31),
(1824, 3, 23, 32),
(1825, 1, 23, 33),
(1826, 2, 23, 34),
(1827, 2, 23, 35),
(1828, 1, 23, 36),
(1829, 2, 23, 37),
(1830, 2, 23, 38),
(1831, 2, 23, 39),
(1832, 1, 23, 40),
(1833, 1, 23, 41),
(1834, 2, 23, 42),
(1835, 2, 23, 43),
(1836, 2, 23, 44),
(1837, 2, 23, 45),
(1838, 1, 23, 46),
(1839, 2, 23, 47),
(1840, 2, 23, 48),
(1841, 0, 23, 49),
(1842, 0, 23, 50),
(1843, 0, 23, 51),
(1844, 0, 23, 52),
(1845, 0, 23, 53),
(1846, 0, 23, 54),
(1847, 0, 23, 55),
(1848, 0, 23, 56),
(1849, 0, 23, 57),
(1850, 0, 23, 58),
(1851, 0, 23, 59),
(1852, 0, 23, 60),
(1853, 0, 23, 61),
(1854, 0, 23, 62),
(1855, 0, 23, 63),
(1856, 0, 23, 64),
(1857, 0, 24, 1),
(1858, 0, 24, 2),
(1859, 0, 24, 3),
(1860, 0, 24, 4),
(1861, 0, 24, 5),
(1862, 0, 24, 6),
(1863, 0, 24, 7),
(1864, 0, 24, 8),
(1865, 0, 24, 9),
(1866, 0, 24, 10),
(1867, 0, 24, 11),
(1868, 0, 24, 12),
(1869, 0, 24, 13),
(1870, 0, 24, 14),
(1871, 0, 24, 15),
(1872, 0, 24, 16),
(1873, 0, 24, 17),
(1874, 0, 24, 18),
(1875, 0, 24, 19),
(1876, 0, 24, 20),
(1877, 0, 24, 21),
(1878, 0, 24, 22),
(1879, 0, 24, 23),
(1880, 0, 24, 24),
(1881, 0, 24, 25),
(1882, 0, 24, 26),
(1883, 0, 24, 27),
(1884, 0, 24, 28),
(1885, 0, 24, 29),
(1886, 0, 24, 30),
(1887, 0, 24, 31),
(1888, 0, 24, 32),
(1889, 0, 24, 33),
(1890, 0, 24, 34),
(1891, 0, 24, 35),
(1892, 0, 24, 36),
(1893, 0, 24, 37),
(1894, 0, 24, 38),
(1895, 0, 24, 39),
(1896, 0, 24, 40),
(1897, 0, 24, 41),
(1898, 0, 24, 42),
(1899, 0, 24, 43),
(1900, 0, 24, 44),
(1901, 0, 24, 45),
(1902, 0, 24, 46),
(1903, 0, 24, 47),
(1904, 0, 24, 48),
(1905, 0, 24, 49),
(1906, 0, 24, 50),
(1907, 0, 24, 51),
(1908, 0, 24, 52),
(1909, 0, 24, 53),
(1910, 0, 24, 54),
(1911, 0, 24, 55),
(1912, 0, 24, 56),
(1913, 0, 24, 57),
(1914, 0, 24, 58),
(1915, 0, 24, 59),
(1916, 0, 24, 60),
(1917, 0, 24, 61),
(1918, 0, 24, 62),
(1919, 0, 24, 63),
(1920, 0, 24, 64),
(1921, 0, 25, 1),
(1922, 0, 25, 2),
(1923, 0, 25, 3),
(1924, 0, 25, 4),
(1925, 0, 25, 5),
(1926, 0, 25, 6),
(1927, 0, 25, 7),
(1928, 0, 25, 8),
(1929, 0, 25, 9),
(1930, 0, 25, 10),
(1931, 0, 25, 11),
(1932, 0, 25, 12),
(1933, 0, 25, 13),
(1934, 0, 25, 14),
(1935, 0, 25, 15),
(1936, 0, 25, 16),
(1937, 0, 25, 17),
(1938, 0, 25, 18),
(1939, 0, 25, 19),
(1940, 0, 25, 20),
(1941, 0, 25, 21),
(1942, 0, 25, 22),
(1943, 0, 25, 23),
(1944, 0, 25, 24),
(1945, 0, 25, 25),
(1946, 0, 25, 26),
(1947, 0, 25, 27),
(1948, 0, 25, 28),
(1949, 0, 25, 29),
(1950, 0, 25, 30),
(1951, 0, 25, 31),
(1952, 0, 25, 32),
(1953, 0, 25, 33),
(1954, 0, 25, 34),
(1955, 0, 25, 35),
(1956, 0, 25, 36),
(1957, 0, 25, 37),
(1958, 0, 25, 38),
(1959, 0, 25, 39),
(1960, 0, 25, 40),
(1961, 0, 25, 41),
(1962, 0, 25, 42),
(1963, 0, 25, 43),
(1964, 0, 25, 44),
(1965, 0, 25, 45),
(1966, 0, 25, 46),
(1967, 0, 25, 47),
(1968, 0, 25, 48),
(1969, 0, 25, 49),
(1970, 0, 25, 50),
(1971, 0, 25, 51),
(1972, 0, 25, 52),
(1973, 0, 25, 53),
(1974, 0, 25, 54),
(1975, 0, 25, 55),
(1976, 0, 25, 56),
(1977, 0, 25, 57),
(1978, 0, 25, 58),
(1979, 0, 25, 59),
(1980, 0, 25, 60),
(1981, 0, 25, 61),
(1982, 0, 25, 62),
(1983, 0, 25, 63),
(1984, 0, 25, 64);

-- --------------------------------------------------------

--
-- Estructura de tabla para la tabla `usuario`
--

CREATE TABLE IF NOT EXISTS `usuario` (
  `idUsuario` int(11) NOT NULL AUTO_INCREMENT,
  `usuarioUsuario` varchar(20) COLLATE latin1_spanish_ci NOT NULL,
  `passwordUsuario` varchar(20) COLLATE latin1_spanish_ci NOT NULL,
  `nombreUsuario` varchar(40) COLLATE latin1_spanish_ci NOT NULL,
  PRIMARY KEY (`idUsuario`)
) ENGINE=InnoDB  DEFAULT CHARSET=latin1 COLLATE=latin1_spanish_ci AUTO_INCREMENT=26 ;

--
-- Volcado de datos para la tabla `usuario`
--

INSERT INTO `usuario` (`idUsuario`, `usuarioUsuario`, `passwordUsuario`, `nombreUsuario`) VALUES
(1, 'diegojardon', 'diegojardon', 'Diego Jardon'),
(2, 'yessi', 'yessi', 'Yessi'),
(3, 'isma', '7654321a', 'Isma'),
(4, 'moni', 'moni', 'Moni'),
(5, 'raul', 'raul', 'Rula'),
(6, 'lili', 'lili', 'Lili'),
(7, 'anita', 'anita', 'Anita'),
(8, 'mario', 'mario', 'Mario'),
(9, 'charlie', 'charlie', 'Charlie'),
(10, 'luis', 'luis', 'Luis'),
(11, 'victor', 'victor', 'Victor'),
(12, 'betolopez', 'betolopez', 'Beto Lopez'),
(13, 'betoruiz', 'betoruiz', 'Beto Ruiz'),
(14, 'hugo', 'hugo', 'Hugo'),
(15, 'oscar', 'oscar', 'Oscar'),
(16, 'alex', 'alex', 'Alex'),
(17, 'ruben', 'ruben', 'Ruben'),
(18, 'alfred', 'alfred', 'Alfred'),
(19, 'pedro', 'pedro', 'Pedro'),
(20, 'adrian', 'adrian', 'Adrian'),
(21, 'fer', 'fer', 'Fer'),
(22, 'manolo', 'manolo', 'Manolo'),
(23, 'joseluis', 'olaya1022', 'Jose Luis'),
(24, 'diegogarcia', 'diegogarcia', 'Diego Garcia'),
(25, 'chucho', 'chucho', 'Chucho');

/*!40101 SET CHARACTER_SET_CLIENT=@OLD_CHARACTER_SET_CLIENT */;
/*!40101 SET CHARACTER_SET_RESULTS=@OLD_CHARACTER_SET_RESULTS */;
/*!40101 SET COLLATION_CONNECTION=@OLD_COLLATION_CONNECTION */;
